Iteration	Posterior	Likelihood	Prior	er[1][1]	er[2][2]	er[3][3]	er[4][4]	er[5][5]	extirpation_rate	rate_bg
0	-457.5093	-459.3395	1.830207	0.5119996	0.5119996	0.5119996	0.5119996	0.5119996	0.5119996	0.01
10	-420.424	-421.2223	0.7982734	0.9566894	0.9566894	0.9566894	0.9566894	0.9566894	0.9566894	0.02681986
20	-420.7731	-421.4782	0.7050618	1.070102	1.070102	1.070102	1.070102	1.070102	1.070102	0.02475551
30	-422.9841	-421.529	-1.455067	2.139837	2.139837	2.139837	2.139837	2.139837	2.139837	0.02408222
40	-420.4527	-420.9316	0.4788544	1.139669	1.139669	1.139669	1.139669	1.139669	1.139669	0.02754378
50	-420.6771	-421.6363	0.959279	0.8809798	0.8809798	0.8809798	0.8809798	0.8809798	0.8809798	0.02511858
60	-420.4835	-420.9232	0.4397132	1.183479	1.183479	1.183479	1.183479	1.183479	1.183479	0.02646348
70	-422.7789	-423.9646	1.185711	0.8067075	0.8067075	0.8067075	0.8067075	0.8067075	0.8067075	0.02152315
80	-420.5462	-421.0671	0.520904	1.098625	1.098625	1.098625	1.098625	1.098625	1.098625	0.02836721
90	-421.9026	-422.79	0.8873437	0.6547768	0.6547768	0.6547768	0.6547768	0.6547768	0.6547768	0.03039054
100	-420.871	-421.1311	0.2600854	1.220944	1.220944	1.220944	1.220944	1.220944	1.220944	0.02953868
110	-420.6963	-421.7241	1.02778	0.7335449	0.7335449	0.7335449	0.7335449	0.7335449	0.7335449	0.02630891
120	-420.5544	-420.9559	0.4015032	1.212609	1.212609	1.212609	1.212609	1.212609	1.212609	0.02604783
130	-423.997	-423.4019	-0.5950286	0.2809683	0.2809683	0.2809683	0.2809683	0.2809683	0.2809683	0.02713683
140	-424.9916	-423.6306	-1.360944	0.2310367	0.2310367	0.2310367	0.2310367	0.2310367	0.2310367	0.02684654
150	-423.1852	-421.6278	-1.557419	2.049495	2.049495	2.049495	2.049495	2.049495	2.049495	0.03233244
160	-421.6702	-421.1858	-0.4843784	1.568381	1.568381	1.568381	1.568381	1.568381	1.568381	0.0308506
170	-420.5054	-420.9005	0.3950777	1.178599	1.178599	1.178599	1.178599	1.178599	1.178599	0.02792015
180	-423.9225	-421.3014	-2.621098	2.574185	2.574185	2.574185	2.574185	2.574185	2.574185	0.0311762
190	-422.6165	-421.2007	-1.415804	1.997628	1.997628	1.997628	1.997628	1.997628	1.997628	0.03134852
200	-422.0047	-421.1028	-0.9019325	1.867548	1.867548	1.867548	1.867548	1.867548	1.867548	0.02476915
210	-422.5886	-420.8377	-1.750877	2.17236	2.17236	2.17236	2.17236	2.17236	2.17236	0.03021393
220	-421.6642	-421.7753	0.1111577	1.410421	1.410421	1.410421	1.410421	1.410421	1.410421	0.02360393
230	-422.096	-421.0261	-1.069857	1.844142	1.844142	1.844142	1.844142	1.844142	1.844142	0.03080368
240	-420.5446	-421.445	0.9003602	0.8506179	0.8506179	0.8506179	0.8506179	0.8506179	0.8506179	0.02751955
250	-420.5974	-421.5939	0.9964782	0.8111033	0.8111033	0.8111033	0.8111033	0.8111033	0.8111033	0.02591496
260	-421.1872	-421.388	0.2008438	1.350035	1.350035	1.350035	1.350035	1.350035	1.350035	0.02437907
270	-420.681	-421.5148	0.8338294	0.9815122	0.9815122	0.9815122	0.9815122	0.9815122	0.9815122	0.02498779
280	-421.0071	-421.4168	0.4096811	1.241043	1.241043	1.241043	1.241043	1.241043	1.241043	0.02448455
290	-421.5817	-420.4779	-1.103837	1.913029	1.913029	1.913029	1.913029	1.913029	1.913029	0.0274986
300	-422.8965	-423.7754	0.8788637	0.4640537	0.4640537	0.4640537	0.4640537	0.4640537	0.4640537	0.02261911
310	-420.7431	-421.76	1.016958	0.8276238	0.8276238	0.8276238	0.8276238	0.8276238	0.8276238	0.02503233
320	-420.9942	-421.5929	0.5986531	1.0184	1.0184	1.0184	1.0184	1.0184	1.0184	0.02991183
330	-421.5276	-422.534	1.006476	0.5524101	0.5524101	0.5524101	0.5524101	0.5524101	0.5524101	0.02463683
340	-423.7726	-423.4018	-0.3708738	1.683881	1.683881	1.683881	1.683881	1.683881	1.683881	0.02156458
350	-422.5833	-420.5969	-1.986349	2.311618	2.311618	2.311618	2.311618	2.311618	2.311618	0.02850379
360	-420.8658	-421.0326	0.1667568	1.348828	1.348828	1.348828	1.348828	1.348828	1.348828	0.02528537
370	-423.3844	-421.4595	-1.924914	2.228295	2.228295	2.228295	2.228295	2.228295	2.228295	0.03194517
380	-421.7692	-422.0296	0.2604596	1.183256	1.183256	1.183256	1.183256	1.183256	1.183256	0.03167183
390	-422.8423	-421.7125	-1.129839	1.995084	1.995084	1.995084	1.995084	1.995084	1.995084	0.02368012
400	-420.4635	-420.875	0.4114727	1.180243	1.180243	1.180243	1.180243	1.180243	1.180243	0.02738354
410	-421.0582	-421.8259	0.7676989	0.898475	0.898475	0.898475	0.898475	0.898475	0.898475	0.02981124
420	-421.2674	-422.2079	0.9405724	0.6513674	0.6513674	0.6513674	0.6513674	0.6513674	0.6513674	0.02878448
430	-423.1643	-423.6888	0.5244541	0.4481302	0.4481302	0.4481302	0.4481302	0.4481302	0.4481302	0.0304447
440	-421.4771	-422.3404	0.8632963	0.5270244	0.5270244	0.5270244	0.5270244	0.5270244	0.5270244	0.02716383
450	-422.9209	-421.4555	-1.46543	2.142089	2.142089	2.142089	2.142089	2.142089	2.142089	0.02421709
460	-422.1387	-423.0316	0.892949	1.019128	1.019128	1.019128	1.019128	1.019128	1.019128	0.02226094
470	-420.7457	-420.7814	0.03568371	1.397227	1.397227	1.397227	1.397227	1.397227	1.397227	0.02614709
480	-424.2485	-421.6775	-2.570966	2.534199	2.534199	2.534199	2.534199	2.534199	2.534199	0.03219228
490	-421.4502	-421.9504	0.5002128	1.057761	1.057761	1.057761	1.057761	1.057761	1.057761	0.03100569
500	-421.7422	-421.5843	-0.1578382	1.402088	1.402088	1.402088	1.402088	1.402088	1.402088	0.03141795
510	-421.0442	-421.715	0.6708529	0.9686479	0.9686479	0.9686479	0.9686479	0.9686479	0.9686479	0.02995873
520	-420.5471	-421.3829	0.8358661	0.8962903	0.8962903	0.8962903	0.8962903	0.8962903	0.8962903	0.02791923
530	-423.4739	-420.8402	-2.63378	2.613426	2.613426	2.613426	2.613426	2.613426	2.613426	0.02913575
540	-420.9727	-421.7645	0.7917826	0.8858024	0.8858024	0.8858024	0.8858024	0.8858024	0.8858024	0.02953638
550	-420.832	-421.9002	1.068168	0.7190698	0.7190698	0.7190698	0.7190698	0.7190698	0.7190698	0.02537887
560	-422.6284	-420.6896	-1.938807	2.274234	2.274234	2.274234	2.274234	2.274234	2.274234	0.02940214
570	-421.6378	-421.0584	-0.5793178	1.617289	1.617289	1.617289	1.617289	1.617289	1.617289	0.03059603
580	-421.5828	-422.6956	1.112864	0.616457	0.616457	0.616457	0.616457	0.616457	0.616457	0.0237991
590	-422.0528	-420.5072	-1.545683	2.108479	2.108479	2.108479	2.108479	2.108479	2.108479	0.02818309
600	-420.6788	-420.6937	0.01493565	1.396164	1.396164	1.396164	1.396164	1.396164	1.396164	0.02675294
610	-420.8993	-421.5023	0.6029954	1.021205	1.021205	1.021205	1.021205	1.021205	1.021205	0.02965322
620	-426.9345	-425.6074	-1.327146	2.169019	2.169019	2.169019	2.169019	2.169019	2.169019	0.01991858
630	-425.5564	-423.5063	-2.050104	2.470528	2.470528	2.470528	2.470528	2.470528	2.470528	0.02181032
640	-420.9843	-420.6621	-0.3221696	1.566891	1.566891	1.566891	1.566891	1.566891	1.566891	0.02631348
650	-421.9148	-422.3319	0.417071	1.090586	1.090586	1.090586	1.090586	1.090586	1.090586	0.03190427
660	-424.1819	-423.6086	-0.5733314	1.782724	1.782724	1.782724	1.782724	1.782724	1.782724	0.02138182
670	-420.4336	-421.0156	0.5819888	1.080751	1.080751	1.080751	1.080751	1.080751	1.080751	0.02750555
680	-421.9396	-420.6951	-1.244523	2.004238	2.004238	2.004238	2.004238	2.004238	2.004238	0.02604342
690	-422.3289	-420.634	-1.694896	2.204909	2.204909	2.204909	2.204909	2.204909	2.204909	0.02666679
700	-422.4214	-423.0395	0.618082	0.9474071	0.9474071	0.9474071	0.9474071	0.9474071	0.9474071	0.03252607
710	-422.2899	-420.8432	-1.44678	2.028087	2.028087	2.028087	2.028087	2.028087	2.028087	0.03029856
720	-420.9709	-420.8436	-0.1273069	1.485694	1.485694	1.485694	1.485694	1.485694	1.485694	0.02566069
730	-422.3533	-421.0066	-1.34667	1.973309	1.973309	1.973309	1.973309	1.973309	1.973309	0.03081522
740	-421.4692	-420.7811	-0.6881349	1.751479	1.751479	1.751479	1.751479	1.751479	1.751479	0.0256395
750	-420.5244	-420.8896	0.3652111	1.193007	1.193007	1.193007	1.193007	1.193007	1.193007	0.0280141
760	-420.9452	-421.8783	0.9331577	0.7521139	0.7521139	0.7521139	0.7521139	0.7521139	0.7521139	0.02869625
770	-423.9727	-422.108	-1.864772	2.180735	2.180735	2.180735	2.180735	2.180735	2.180735	0.03326332
780	-422.1101	-422.5874	0.4772761	1.248254	1.248254	1.248254	1.248254	1.248254	1.248254	0.02257145
790	-420.6378	-421.6523	1.01452	0.764242	0.764242	0.764242	0.764242	0.764242	0.764242	0.02628834
800	-422.1906	-423.0411	0.8504965	0.5976203	0.5976203	0.5976203	0.5976203	0.5976203	0.5976203	0.03046528
810	-421.295	-421.0938	-0.2011211	1.441299	1.441299	1.441299	1.441299	1.441299	1.441299	0.0302798
820	-423.0757	-421.7622	-1.313485	1.932048	1.932048	1.932048	1.932048	1.932048	1.932048	0.0325598
830	-423.141	-421.392	-1.748967	2.147122	2.147122	2.147122	2.147122	2.147122	2.147122	0.03181421
840	-420.9589	-421.6955	0.7366088	0.9282399	0.9282399	0.9282399	0.9282399	0.9282399	0.9282399	0.02963395
850	-420.7544	-420.6123	-0.1421493	1.456901	1.456901	1.456901	1.456901	1.456901	1.456901	0.02764329
860	-420.992	-421.6173	0.6253729	1.001535	1.001535	1.001535	1.001535	1.001535	1.001535	0.02988163
870	-420.613	-421.2915	0.6784853	0.994893	0.994893	0.994893	0.994893	0.994893	0.994893	0.02861882
880	-420.6871	-421.0629	0.3758021	1.169324	1.169324	1.169324	1.169324	1.169324	1.169324	0.02894919
890	-423.1025	-423.8736	0.7710932	0.7880102	0.7880102	0.7880102	0.7880102	0.7880102	0.7880102	0.03303853
900	-420.7514	-421.7794	1.02795	0.8137119	0.8137119	0.8137119	0.8137119	0.8137119	0.8137119	0.0250582
910	-423.326	-424.5826	1.256628	0.7087082	0.7087082	0.7087082	0.7087082	0.7087082	0.7087082	0.02106601
920	-421.2074	-421.9956	0.7882544	0.8722763	0.8722763	0.8722763	0.8722763	0.8722763	0.8722763	0.03009308
930	-423.0442	-420.7146	-2.329634	2.496694	2.496694	2.496694	2.496694	2.496694	2.496694	0.02732424
940	-423.6445	-424.6531	1.008578	0.4888599	0.4888599	0.4888599	0.4888599	0.4888599	0.4888599	0.02144452
950	-421.4251	-422.4102	0.9850383	0.9230203	0.9230203	0.9230203	0.9230203	0.9230203	0.9230203	0.02327097
960	-422.7908	-420.6339	-2.156884	2.394552	2.394552	2.394552	2.394552	2.394552	2.394552	0.02841931
970	-422.2827	-423.3933	1.110599	0.570069	0.570069	0.570069	0.570069	0.570069	0.570069	0.02277438
980	-422.564	-423.0343	0.4702853	1.039718	1.039718	1.039718	1.039718	1.039718	1.039718	0.03289031
990	-420.9282	-420.555	-0.3731835	1.563351	1.563351	1.563351	1.563351	1.563351	1.563351	0.02789761
1000	-421.1911	-420.4928	-0.6983324	1.722118	1.722118	1.722118	1.722118	1.722118	1.722118	0.02757798
1010	-420.4198	-421.0667	0.6468823	1.06182	1.06182	1.06182	1.06182	1.06182	1.06182	0.0265988
1020	-420.7292	-421.2754	0.5461789	1.155015	1.155015	1.155015	1.155015	1.155015	1.155015	0.02505408
1030	-420.8049	-421.8134	1.008537	0.6924703	0.6924703	0.6924703	0.6924703	0.6924703	0.6924703	0.02704554
1040	-420.7686	-420.6077	-0.1609022	1.473364	1.473364	1.473364	1.473364	1.473364	1.473364	0.02722443
1050	-420.4288	-421.2083	0.7795623	0.9609562	0.9609562	0.9609562	0.9609562	0.9609562	0.9609562	0.02716494
1060	-421.2905	-422.3195	1.029048	0.8767489	0.8767489	0.8767489	0.8767489	0.8767489	0.8767489	0.02353699
1070	-423.8973	-420.9973	-2.900001	2.783997	2.783997	2.783997	2.783997	2.783997	2.783997	0.02690736
1080	-421.7538	-422.8796	1.125771	0.613894	0.613894	0.613894	0.613894	0.613894	0.613894	0.02345053
1090	-420.6278	-421.5492	0.9213503	0.8169485	0.8169485	0.8169485	0.8169485	0.8169485	0.8169485	0.02780143
1100	-421.209	-422.093	0.884087	0.779643	0.779643	0.779643	0.779643	0.779643	0.779643	0.02967462
1110	-421.3573	-421.8254	0.4681514	1.080607	1.080607	1.080607	1.080607	1.080607	1.080607	0.03082932
1120	-421.0753	-421.8851	0.8097391	0.8635521	0.8635521	0.8635521	0.8635521	0.8635521	0.8635521	0.02973105
1130	-422.5661	-422.8844	0.3183204	0.3791181	0.3791181	0.3791181	0.3791181	0.3791181	0.3791181	0.02657635
1140	-421.7369	-420.79	-0.9469426	1.872843	1.872843	1.872843	1.872843	1.872843	1.872843	0.02561742
1150	-423.927	-423.3528	-0.5741743	0.2783701	0.2783701	0.2783701	0.2783701	0.2783701	0.2783701	0.02570343
1160	-421.4145	-421.7213	0.3068353	1.17013	1.17013	1.17013	1.17013	1.17013	1.17013	0.03097076
1170	-420.6894	-420.78	0.09059888	1.327974	1.327974	1.327974	1.327974	1.327974	1.327974	0.02844353
1180	-422.3305	-420.5448	-1.785683	2.220667	2.220667	2.220667	2.220667	2.220667	2.220667	0.02824451
1190	-422.4494	-420.696	-1.753391	2.183316	2.183316	2.183316	2.183316	2.183316	2.183316	0.02959508
1200	-420.8233	-421.8059	0.9825879	0.8778696	0.8778696	0.8778696	0.8778696	0.8778696	0.8778696	0.02462559
1210	-421.3239	-420.517	-0.8068095	1.758539	1.758539	1.758539	1.758539	1.758539	1.758539	0.0284379
1220	-421.8456	-422.2266	0.3810129	1.28796	1.28796	1.28796	1.28796	1.28796	1.28796	0.02301719
1230	-420.6775	-420.7472	0.06970004	1.374819	1.374819	1.374819	1.374819	1.374819	1.374819	0.02644535
1240	-421.2657	-420.6363	-0.6294599	1.664673	1.664673	1.664673	1.664673	1.664673	1.664673	0.02909296
1250	-421.0881	-421.5283	0.4401373	1.108818	1.108818	1.108818	1.108818	1.108818	1.108818	0.03022
1260	-421.2291	-422.3386	1.109533	0.7679016	0.7679016	0.7679016	0.7679016	0.7679016	0.7679016	0.02385608
1270	-422.7892	-423.6148	0.8255789	1.080677	1.080677	1.080677	1.080677	1.080677	1.080677	0.02156176
1280	-421.6475	-422.431	0.7835437	1.067725	1.067725	1.067725	1.067725	1.067725	1.067725	0.02297701
1290	-420.5551	-421.487	0.9318593	0.8261601	0.8261601	0.8261601	0.8261601	0.8261601	0.8261601	0.02729153
1300	-421.0754	-420.8305	-0.2449332	1.475791	1.475791	1.475791	1.475791	1.475791	1.475791	0.02946255
1310	-420.4564	-421.1914	0.7350424	1.018195	1.018195	1.018195	1.018195	1.018195	1.018195	0.02610646
1320	-423.4489	-421.0291	-2.419821	2.487733	2.487733	2.487733	2.487733	2.487733	2.487733	0.03046225
1330	-420.8176	-421.8382	1.020631	0.6821502	0.6821502	0.6821502	0.6821502	0.6821502	0.6821502	0.02672044
1340	-420.829	-421.8951	1.066151	0.7570791	0.7570791	0.7570791	0.7570791	0.7570791	0.7570791	0.02506105
1350	-421.9939	-421.0579	-0.9360181	1.881413	1.881413	1.881413	1.881413	1.881413	1.881413	0.02487839
1360	-420.5449	-420.991	0.4461266	1.142768	1.142768	1.142768	1.142768	1.142768	1.142768	0.02830377
1370	-420.8679	-421.0096	0.1416432	1.285228	1.285228	1.285228	1.285228	1.285228	1.285228	0.02939829
1380	-420.9103	-421.9066	0.9963435	0.6650003	0.6650003	0.6650003	0.6650003	0.6650003	0.6650003	0.02732098
1390	-420.4113	-421.1339	0.7225873	1.009546	1.009546	1.009546	1.009546	1.009546	1.009546	0.02678663
1400	-420.5032	-420.8516	0.3484041	1.207445	1.207445	1.207445	1.207445	1.207445	1.207445	0.02773481
1410	-420.977	-422.01	1.03297	0.8437682	0.8437682	0.8437682	0.8437682	0.8437682	0.8437682	0.02426539
1420	-422.1168	-422.8974	0.7805452	1.086296	1.086296	1.086296	1.086296	1.086296	1.086296	0.022343
1430	-420.7718	-420.6208	-0.1510187	1.472419	1.472419	1.472419	1.472419	1.472419	1.472419	0.02700945
1440	-420.7393	-420.6401	-0.09927483	1.431221	1.431221	1.431221	1.431221	1.431221	1.431221	0.02791937
1450	-421.705	-420.772	-0.9329337	1.793663	1.793663	1.793663	1.793663	1.793663	1.793663	0.02992659
1460	-420.4756	-420.8526	0.3769512	1.207496	1.207496	1.207496	1.207496	1.207496	1.207496	0.02695168
1470	-421.3371	-421.528	0.1908405	1.361111	1.361111	1.361111	1.361111	1.361111	1.361111	0.02408356
1480	-420.5134	-420.8219	0.3084759	1.229868	1.229868	1.229868	1.229868	1.229868	1.229868	0.02767324
1490	-421.1553	-420.6082	-0.547157	1.630297	1.630297	1.630297	1.630297	1.630297	1.630297	0.02882258
1500	-422.8382	-421.188	-1.650213	2.108026	2.108026	2.108026	2.108026	2.108026	2.108026	0.03131869
1510	-420.4954	-421.3911	0.895673	0.9045242	0.9045242	0.9045242	0.9045242	0.9045242	0.9045242	0.02603989
1520	-420.8695	-421.7948	0.925237	0.7733979	0.7733979	0.7733979	0.7733979	0.7733979	0.7733979	0.02859034
1530	-420.7478	-421.6859	0.9380622	0.7796722	0.7796722	0.7796722	0.7796722	0.7796722	0.7796722	0.02811486
1540	-420.5104	-421.1574	0.6470541	1.026427	1.026427	1.026427	1.026427	1.026427	1.026427	0.02814534
1550	-421.4375	-420.4736	-0.9639363	1.843869	1.843869	1.843869	1.843869	1.843869	1.843869	0.02772401
1560	-421.3609	-421.9201	0.5592281	1.025266	1.025266	1.025266	1.025266	1.025266	1.025266	0.03078478
1570	-420.9522	-420.7597	-0.1924677	1.511657	1.511657	1.511657	1.511657	1.511657	1.511657	0.02594817
1580	-421.3838	-420.7996	-0.5842235	1.632498	1.632498	1.632498	1.632498	1.632498	1.632498	0.02977174
1590	-422.9707	-422.949	-0.02172845	1.508187	1.508187	1.508187	1.508187	1.508187	1.508187	0.0220342
1600	-421.41	-422.46	1.050058	0.5835462	0.5835462	0.5835462	0.5835462	0.5835462	0.5835462	0.02459549
1610	-421.3524	-422.4863	1.133912	0.7230169	0.7230169	0.7230169	0.7230169	0.7230169	0.7230169	0.02373911
1620	-422.7805	-420.8949	-1.88556	2.311659	2.311659	2.311659	2.311659	2.311659	2.311659	0.02576874
1630	-420.7647	-420.6259	-0.1388219	1.45043	1.45043	1.45043	1.45043	1.45043	1.45043	0.0279214
1640	-420.8725	-421.1049	0.2324244	1.235927	1.235927	1.235927	1.235927	1.235927	1.235927	0.02951887
1650	-424.3032	-421.3536	-2.94959	2.738521	2.738521	2.738521	2.738521	2.738521	2.738521	0.03098809
1660	-421.7072	-420.5375	-1.169649	1.9552	1.9552	1.9552	1.9552	1.9552	1.9552	0.0268351
1670	-420.8898	-421.1612	0.2713634	1.21366	1.21366	1.21366	1.21366	1.21366	1.21366	0.02960979
1680	-422.2979	-421.7491	-0.5487694	1.579497	1.579497	1.579497	1.579497	1.579497	1.579497	0.03214123
1690	-421.1236	-422.0881	0.9644953	0.6117228	0.6117228	0.6117228	0.6117228	0.6117228	0.6117228	0.02750983
1700	-420.7028	-421.133	0.4301954	1.21242	1.21242	1.21242	1.21242	1.21242	1.21242	0.02532001
1710	-421.0785	-420.617	-0.4615015	1.591051	1.591051	1.591051	1.591051	1.591051	1.591051	0.02874619
1720	-425.8527	-423.4676	-2.385104	2.398985	2.398985	2.398985	2.398985	2.398985	2.398985	0.03537649
1730	-421.2365	-422.3582	1.121714	0.6927916	0.6927916	0.6927916	0.6927916	0.6927916	0.6927916	0.02415112
1740	-420.6866	-421.4861	0.7994685	1.0051	1.0051	1.0051	1.0051	1.0051	1.0051	0.02497241
1750	-421.5567	-420.4732	-1.083488	1.896225	1.896225	1.896225	1.896225	1.896225	1.896225	0.02793157
1760	-421.9898	-422.652	0.662162	0.9312382	0.9312382	0.9312382	0.9312382	0.9312382	0.9312382	0.03180012
1770	-421.5448	-421.8502	0.3054049	1.314575	1.314575	1.314575	1.314575	1.314575	1.314575	0.02356185
1780	-421.0247	-420.5958	-0.4289047	1.579136	1.579136	1.579136	1.579136	1.579136	1.579136	0.02853222
1790	-422.4081	-423.6111	1.203072	0.6616539	0.6616539	0.6616539	0.6616539	0.6616539	0.6616539	0.02220262
1800	-422.0227	-422.8462	0.8234914	0.5532783	0.5532783	0.5532783	0.5532783	0.5532783	0.5532783	0.02962429
1810	-420.5991	-421.393	0.7938523	0.9187767	0.9187767	0.9187767	0.9187767	0.9187767	0.9187767	0.02832615
1820	-420.9857	-421.8316	0.8459217	0.8394022	0.8394022	0.8394022	0.8394022	0.8394022	0.8394022	0.02937966
1830	-420.8026	-421.7607	0.9581217	0.7474894	0.7474894	0.7474894	0.7474894	0.7474894	0.7474894	0.02804892
1840	-420.5098	-421.2635	0.7537088	0.9582891	0.9582891	0.9582891	0.9582891	0.9582891	0.9582891	0.02798004
1850	-421.4657	-420.474	-0.9916653	1.85849	1.85849	1.85849	1.85849	1.85849	1.85849	0.02762509
1860	-421.2258	-421.4683	0.2425145	1.212797	1.212797	1.212797	1.212797	1.212797	1.212797	0.03052573
1870	-420.5742	-421.3181	0.7439289	0.9561117	0.9561117	0.9561117	0.9561117	0.9561117	0.9561117	0.02834032
1880	-422.1533	-420.9195	-1.233852	2.01269	2.01269	2.01269	2.01269	2.01269	2.01269	0.02530604
1890	-420.6621	-421.6465	0.9843975	0.8516905	0.8516905	0.8516905	0.8516905	0.8516905	0.8516905	0.02527414
1900	-420.7998	-420.6523	-0.1474315	1.448659	1.448659	1.448659	1.448659	1.448659	1.448659	0.02826573
1910	-420.4622	-420.951	0.4888097	1.130813	1.130813	1.130813	1.130813	1.130813	1.130813	0.02770131
1920	-420.7127	-420.8062	0.09350424	1.369174	1.369174	1.369174	1.369174	1.369174	1.369174	0.02611872
1930	-420.8808	-421.8158	0.9349829	0.7603631	0.7603631	0.7603631	0.7603631	0.7603631	0.7603631	0.02852471
1940	-421.6726	-422.4663	0.7936622	1.062709	1.062709	1.062709	1.062709	1.062709	1.062709	0.0229342
1950	-422.2024	-422.0281	-0.1742556	1.557404	1.557404	1.557404	1.557404	1.557404	1.557404	0.02315273
1960	-420.4982	-421.2555	0.7573015	1.011253	1.011253	1.011253	1.011253	1.011253	1.011253	0.02580542
1970	-420.4255	-421.1219	0.6963127	1.03469	1.03469	1.03469	1.03469	1.03469	1.03469	0.02644668
1980	-423.1698	-420.7725	-2.397249	2.497	2.497	2.497	2.497	2.497	2.497	0.02921718
1990	-421.7624	-420.9793	-0.7831496	1.714307	1.714307	1.714307	1.714307	1.714307	1.714307	0.03052348
2000	-421.3785	-420.7978	-0.5807665	1.701909	1.701909	1.701909	1.701909	1.701909	1.701909	0.02559882
2010	-421.0093	-421.2698	0.2604976	1.313393	1.313393	1.313393	1.313393	1.313393	1.313393	0.02470159
2020	-420.4824	-420.991	0.5086208	1.149876	1.149876	1.149876	1.149876	1.149876	1.149876	0.02625385
2030	-421.3667	-421.4033	0.03653882	1.433555	1.433555	1.433555	1.433555	1.433555	1.433555	0.02425737
2040	-423.4951	-420.8096	-2.685534	2.649394	2.649394	2.649394	2.649394	2.649394	2.649394	0.02851182
2050	-422.7868	-423.2617	0.4748847	1.03087	1.03087	1.03087	1.03087	1.03087	1.03087	0.03320111
2060	-421.8388	-420.6731	-1.165746	1.907481	1.907481	1.907481	1.907481	1.907481	1.907481	0.02960435
2070	-420.4523	-421.3012	0.8488924	0.9116459	0.9116459	0.9116459	0.9116459	0.9116459	0.9116459	0.02704957
2080	-421.5658	-420.4825	-1.083301	1.891773	1.891773	1.891773	1.891773	1.891773	1.891773	0.02819381
2090	-421.5371	-421.1415	-0.3956111	1.529241	1.529241	1.529241	1.529241	1.529241	1.529241	0.03064638
2100	-421.1332	-421.0959	-0.0372746	1.456101	1.456101	1.456101	1.456101	1.456101	1.456101	0.02493215
2110	-420.8893	-420.7082	-0.1811114	1.501239	1.501239	1.501239	1.501239	1.501239	1.501239	0.02621819
2120	-420.4274	-421.0673	0.6398461	1.046615	1.046615	1.046615	1.046615	1.046615	1.046615	0.02745596
2130	-422.7198	-422.8076	0.08774559	1.451674	1.451674	1.451674	1.451674	1.451674	1.451674	0.02220383
2140	-421.588	-421.0871	-0.5008908	1.679305	1.679305	1.679305	1.679305	1.679305	1.679305	0.02479909
2150	-421.3472	-422.2641	0.9168968	0.5423693	0.5423693	0.5423693	0.5423693	0.5423693	0.5423693	0.02649932
2160	-422.039	-421.981	-0.05794484	1.50002	1.50002	1.50002	1.50002	1.50002	1.50002	0.02323881
2170	-420.5107	-421.0903	0.5796579	1.067761	1.067761	1.067761	1.067761	1.067761	1.067761	0.0281718
2180	-422.8451	-420.6846	-2.160534	2.386072	2.386072	2.386072	2.386072	2.386072	2.386072	0.02903226
2190	-420.4276	-420.957	0.5293695	1.123319	1.123319	1.123319	1.123319	1.123319	1.123319	0.02695246
2200	-420.6107	-421.1063	0.4956788	1.106879	1.106879	1.106879	1.106879	1.106879	1.106879	0.02868297
2210	-420.75	-421.7929	1.042891	0.7162845	0.7162845	0.7162845	0.7162845	0.7162845	0.7162845	0.02604605
2220	-420.6753	-421.6681	0.9927825	0.747887	0.747887	0.747887	0.747887	0.747887	0.747887	0.02708852
2230	-420.6156	-421.6242	1.00857	0.7895488	0.7895488	0.7895488	0.7895488	0.7895488	0.7895488	0.0260267
2240	-421.4021	-420.4769	-0.9252369	1.82844	1.82844	1.82844	1.82844	1.82844	1.82844	0.02756726
2250	-422.0016	-421.3499	-0.6517424	1.760807	1.760807	1.760807	1.760807	1.760807	1.760807	0.02423529
2260	-422.818	-423.5296	0.7115973	0.5137603	0.5137603	0.5137603	0.5137603	0.5137603	0.5137603	0.03072923
2270	-422.4671	-421.0513	-1.415759	2.103011	2.103011	2.103011	2.103011	2.103011	2.103011	0.02503884
2280	-421.2058	-422.2652	1.059459	0.8385547	0.8385547	0.8385547	0.8385547	0.8385547	0.8385547	0.02374972
2290	-420.8764	-421.9472	1.070803	0.6969072	0.6969072	0.6969072	0.6969072	0.6969072	0.6969072	0.02540592
2300	-420.8631	-421.9357	1.072608	0.7100944	0.7100944	0.7100944	0.7100944	0.7100944	0.7100944	0.02531592
2310	-420.4343	-420.9908	0.5565879	1.096492	1.096492	1.096492	1.096492	1.096492	1.096492	0.02747262
2320	-420.9479	-421.3224	0.374465	1.255314	1.255314	1.255314	1.255314	1.255314	1.255314	0.02467942
2330	-420.4151	-421.1643	0.7492076	0.9937645	0.9937645	0.9937645	0.9937645	0.9937645	0.9937645	0.02670949
2340	-420.7413	-420.6198	-0.1214852	1.454281	1.454281	1.454281	1.454281	1.454281	1.454281	0.02722464
2350	-420.4347	-420.931	0.4962901	1.138007	1.138007	1.138007	1.138007	1.138007	1.138007	0.02714758
2360	-421.0425	-421.2033	0.1608157	1.265092	1.265092	1.265092	1.265092	1.265092	1.265092	0.02998817
2370	-423.1799	-421.4852	-1.694684	2.118373	2.118373	2.118373	2.118373	2.118373	2.118373	0.03203045
2380	-420.7235	-420.6398	-0.08376106	1.425428	1.425428	1.425428	1.425428	1.425428	1.425428	0.02781776
2390	-421.525	-420.7938	-0.7312279	1.772481	1.772481	1.772481	1.772481	1.772481	1.772481	0.02559356
2400	-420.8412	-421.8058	0.9646578	0.7309977	0.7309977	0.7309977	0.7309977	0.7309977	0.7309977	0.02804784
2410	-422.8644	-423.3832	0.5188683	1.247615	1.247615	1.247615	1.247615	1.247615	1.247615	0.02167835
2420	-420.6592	-420.6623	0.00306329	1.392527	1.392527	1.392527	1.392527	1.392527	1.392527	0.02727301
2430	-420.6	-420.7044	0.1043526	1.339233	1.339233	1.339233	1.339233	1.339233	1.339233	0.02743398
2440	-420.7102	-421.0835	0.3732301	1.168976	1.168976	1.168976	1.168976	1.168976	1.168976	0.02904214
2450	-421.0676	-422.0211	0.9535431	0.6933224	0.6933224	0.6933224	0.6933224	0.6933224	0.6933224	0.0285734
2460	-421.6301	-422.6225	0.9924164	0.5401413	0.5401413	0.5401413	0.5401413	0.5401413	0.5401413	0.02447535
2470	-421.7087	-420.9395	-0.7692171	1.709761	1.709761	1.709761	1.709761	1.709761	1.709761	0.03039442
2480	-422.9866	-423.3518	0.3651693	1.326644	1.326644	1.326644	1.326644	1.326644	1.326644	0.02167132
2490	-421.5748	-420.7289	-0.8459168	1.821974	1.821974	1.821974	1.821974	1.821974	1.821974	0.02582001
2500	-421.3387	-421.6519	0.3131961	1.169556	1.169556	1.169556	1.169556	1.169556	1.169556	0.03080654
2510	-423.6575	-422.0233	-1.634246	2.07449	2.07449	2.07449	2.07449	2.07449	2.07449	0.03310311
2520	-420.5771	-421.4546	0.8775067	0.9373223	0.9373223	0.9373223	0.9373223	0.9373223	0.9373223	0.02543505
2530	-421.1385	-420.6943	-0.4441845	1.629381	1.629381	1.629381	1.629381	1.629381	1.629381	0.02605284
2540	-421.837	-421.4916	-0.3454186	1.493044	1.493044	1.493044	1.493044	1.493044	1.493044	0.0314314
2550	-421.5628	-422.7054	1.142585	0.6599131	0.6599131	0.6599131	0.6599131	0.6599131	0.6599131	0.02357727
2560	-421.2827	-420.5999	-0.6827424	1.734888	1.734888	1.734888	1.734888	1.734888	1.734888	0.02642141
2570	-420.4222	-421.0343	0.6121352	1.06589	1.06589	1.06589	1.06589	1.06589	1.06589	0.02735579
2580	-421.2283	-420.9458	-0.2824691	1.568071	1.568071	1.568071	1.568071	1.568071	1.568071	0.02522657
2590	-420.5036	-421.4331	0.9295016	0.868201	0.868201	0.868201	0.868201	0.868201	0.868201	0.02624483
2600	-420.8627	-421.9306	1.067891	0.7684559	0.7684559	0.7684559	0.7684559	0.7684559	0.7684559	0.02486246
2610	-420.7862	-421.7385	0.9523185	0.7574229	0.7574229	0.7574229	0.7574229	0.7574229	0.7574229	0.02807756
2620	-421.0069	-420.7878	-0.2190892	1.527063	1.527063	1.527063	1.527063	1.527063	1.527063	0.02580445
2630	-420.7559	-421.7737	1.017793	0.7059627	0.7059627	0.7059627	0.7059627	0.7059627	0.7059627	0.02676088
2640	-420.8219	-421.2778	0.4558857	1.1142	1.1142	1.1142	1.1142	1.1142	1.1142	0.02947208
2650	-422.0828	-420.5345	-1.548316	2.125997	2.125997	2.125997	2.125997	2.125997	2.125997	0.02722448
2660	-421.5816	-422.579	0.9974555	0.5450772	0.5450772	0.5450772	0.5450772	0.5450772	0.5450772	0.02456268
2670	-425.9337	-426.7218	0.7881023	0.4100637	0.4100637	0.4100637	0.4100637	0.4100637	0.4100637	0.01977945
2680	-420.6398	-420.7276	0.08777853	1.336974	1.336974	1.336974	1.336974	1.336974	1.336974	0.02801825
2690	-420.6706	-420.6785	0.007940595	1.396593	1.396593	1.396593	1.396593	1.396593	1.396593	0.02691726
2700	-421.8093	-422.8849	1.075613	0.5718883	0.5718883	0.5718883	0.5718883	0.5718883	0.5718883	0.02364107
2710	-420.9002	-421.0068	0.1066053	1.301938	1.301938	1.301938	1.301938	1.301938	1.301938	0.02946782
2720	-421.8951	-420.8763	-1.018767	1.827506	1.827506	1.827506	1.827506	1.827506	1.827506	0.03033065
2730	-420.8735	-421.8604	0.9868686	0.6915398	0.6915398	0.6915398	0.6915398	0.6915398	0.6915398	0.02763899
2740	-421.322	-420.7972	-0.5247834	1.675339	1.675339	1.675339	1.675339	1.675339	1.675339	0.02561399
2750	-421.1492	-420.4988	-0.6504564	1.700238	1.700238	1.700238	1.700238	1.700238	1.700238	0.02754432
2760	-424.3266	-421.0706	-3.256076	2.945225	2.945225	2.945225	2.945225	2.945225	2.945225	0.02785798
2770	-421.0878	-422.1935	1.105668	0.6996065	0.6996065	0.6996065	0.6996065	0.6996065	0.6996065	0.02452941
2780	-420.6932	-421.0245	0.3312359	1.25979	1.25979	1.25979	1.25979	1.25979	1.25979	0.02554899
2790	-421.3573	-421.6123	0.2549402	1.331664	1.331664	1.331664	1.331664	1.331664	1.331664	0.02395686
2800	-420.4926	-420.8542	0.3616569	1.202028	1.202028	1.202028	1.202028	1.202028	1.202028	0.02764739
2810	-421.0888	-421.4929	0.4041807	1.12939	1.12939	1.12939	1.12939	1.12939	1.12939	0.03022335
2820	-420.791	-420.6033	-0.1876889	1.487834	1.487834	1.487834	1.487834	1.487834	1.487834	0.02713705
2830	-420.5038	-420.9921	0.4883119	1.123462	1.123462	1.123462	1.123462	1.123462	1.123462	0.02807509
2840	-422.0441	-421.2057	-0.8384092	1.842283	1.842283	1.842283	1.842283	1.842283	1.842283	0.02453662
2850	-420.4293	-421.2407	0.8113746	0.9523904	0.9523904	0.9523904	0.9523904	0.9523904	0.9523904	0.02662788
2860	-420.6196	-421.2674	0.6477318	1.013842	1.013842	1.013842	1.013842	1.013842	1.013842	0.02867975
2870	-421.2541	-421.2943	0.04020446	1.318822	1.318822	1.318822	1.318822	1.318822	1.318822	0.03046081
2880	-421.1275	-422.1652	1.037719	0.6075852	0.6075852	0.6075852	0.6075852	0.6075852	0.6075852	0.02548437
2890	-426.2178	-426.5964	0.3786456	1.020925	1.020925	1.020925	1.020925	1.020925	1.020925	0.03712738
2900	-420.4569	-420.8934	0.436493	1.165995	1.165995	1.165995	1.165995	1.165995	1.165995	0.02740967
2910	-421.1587	-422.1625	1.003853	0.5877733	0.5877733	0.5877733	0.5877733	0.5877733	0.5877733	0.02587788
2920	-421.5311	-422.4043	0.8731585	0.5536685	0.5536685	0.5536685	0.5536685	0.5536685	0.5536685	0.0282061
2930	-420.5173	-421.2923	0.7749396	1.002542	1.002542	1.002542	1.002542	1.002542	1.002542	0.02569155
2940	-422.0672	-420.66	-1.4072	2.021261	2.021261	2.021261	2.021261	2.021261	2.021261	0.02955023
2950	-421.1323	-420.8487	-0.283612	1.492314	1.492314	1.492314	1.492314	1.492314	1.492314	0.0295924
2960	-420.8472	-421.5792	0.731961	1.059226	1.059226	1.059226	1.059226	1.059226	1.059226	0.02453333
2970	-420.5785	-420.9396	0.3611267	1.187938	1.187938	1.187938	1.187938	1.187938	1.187938	0.02839315
2980	-420.9135	-421.9202	1.00668	0.6538414	0.6538414	0.6538414	0.6538414	0.6538414	0.6538414	0.02696431
2990	-420.4703	-420.8597	0.3894259	1.200436	1.200436	1.200436	1.200436	1.200436	1.200436	0.02696991
3000	-421.2585	-422.2107	0.9522009	0.5603107	0.5603107	0.5603107	0.5603107	0.5603107	0.5603107	0.02632512
3010	-420.8728	-420.5627	-0.3101028	1.537772	1.537772	1.537772	1.537772	1.537772	1.537772	0.0276368
3020	-420.6827	-421.169	0.4863443	1.10621	1.10621	1.10621	1.10621	1.10621	1.10621	0.02898533
3030	-421.1647	-420.5298	-0.634875	1.679908	1.679908	1.679908	1.679908	1.679908	1.679908	0.02831828
3040	-420.9833	-420.5327	-0.4505734	1.602367	1.602367	1.602367	1.602367	1.602367	1.602367	0.02776241
3050	-420.6153	-421.6104	0.995142	0.7716171	0.7716171	0.7716171	0.7716171	0.7716171	0.7716171	0.02668874
3060	-421.673	-421.8273	0.1543259	1.243373	1.243373	1.243373	1.243373	1.243373	1.243373	0.03146754
3070	-420.5384	-420.9123	0.373922	1.185708	1.185708	1.185708	1.185708	1.185708	1.185708	0.02814747
3080	-421.0104	-420.5651	-0.4452469	1.615194	1.615194	1.615194	1.615194	1.615194	1.615194	0.02687598
3090	-420.4438	-421.295	0.8511731	0.9191132	0.9191132	0.9191132	0.9191132	0.9191132	0.9191132	0.02673676
3100	-424.8061	-421.3256	-3.480429	3.023815	3.023815	3.023815	3.023815	3.023815	3.023815	0.02986841
3110	-423.0988	-420.7475	-2.351262	2.476251	2.476251	2.476251	2.476251	2.476251	2.476251	0.02912769
3120	-423.7413	-421.4761	-2.265177	2.391458	2.391458	2.391458	2.391458	2.391458	2.391458	0.03187476
3130	-420.4302	-420.9731	0.5428701	1.119667	1.119667	1.119667	1.119667	1.119667	1.119667	0.0267612
3140	-420.8337	-421.5485	0.7147738	0.9523729	0.9523729	0.9523729	0.9523729	0.9523729	0.9523729	0.0293292
3150	-423.1521	-421.0701	-2.081975	2.319397	2.319397	2.319397	2.319397	2.319397	2.319397	0.03085625
3160	-423.0172	-420.6812	-2.335965	2.482735	2.482735	2.482735	2.482735	2.482735	2.482735	0.02830313
3170	-421.8633	-422.3699	0.5066182	1.038751	1.038751	1.038751	1.038751	1.038751	1.038751	0.03176561
3180	-420.774	-421.5485	0.774487	1.028192	1.028192	1.028192	1.028192	1.028192	1.028192	0.02470947
3190	-421.1966	-421.1103	-0.0863442	1.481085	1.481085	1.481085	1.481085	1.481085	1.481085	0.02486745
3200	-420.7097	-421.5473	0.8376442	0.981568	0.981568	0.981568	0.981568	0.981568	0.981568	0.02489063
3210	-423.4657	-423.7985	0.3327771	0.3604507	0.3604507	0.3604507	0.3604507	0.3604507	0.3604507	0.02311108
3220	-420.6175	-420.7049	0.0873601	1.355856	1.355856	1.355856	1.355856	1.355856	1.355856	0.02699237
3230	-421.6584	-420.5316	-1.12681	1.902695	1.902695	1.902695	1.902695	1.902695	1.902695	0.02876702
3240	-421.095	-421.2903	0.1953133	1.244075	1.244075	1.244075	1.244075	1.244075	1.244075	0.03016345
3250	-420.6129	-420.6989	0.08595776	1.346118	1.346118	1.346118	1.346118	1.346118	1.346118	0.02756211
3260	-420.45	-420.8978	0.447853	1.162071	1.162071	1.162071	1.162071	1.162071	1.162071	0.02729331
3270	-420.5734	-420.9085	0.335101	1.246173	1.246173	1.246173	1.246173	1.246173	1.246173	0.02612354
3280	-421.87	-421.5771	-0.2929665	1.465794	1.465794	1.465794	1.465794	1.465794	1.465794	0.03155834
3290	-421.5124	-422.4067	0.8942748	0.7302523	0.7302523	0.7302523	0.7302523	0.7302523	0.7302523	0.03010057
3300	-420.7698	-421.0519	0.2820927	1.215444	1.215444	1.215444	1.215444	1.215444	1.215444	0.02919593
3310	-420.4861	-420.8954	0.409313	1.197916	1.197916	1.197916	1.197916	1.197916	1.197916	0.02656282
3320	-420.7455	-421.796	1.050471	0.7379475	0.7379475	0.7379475	0.7379475	0.7379475	0.7379475	0.02567674
3330	-421.5751	-421.7496	0.1745689	1.377763	1.377763	1.377763	1.377763	1.377763	1.377763	0.02367148
3340	-423.0472	-423.6464	0.5992554	0.9415117	0.9415117	0.9415117	0.9415117	0.9415117	0.9415117	0.03340831
3350	-423.3218	-420.7583	-2.563513	2.592712	2.592712	2.592712	2.592712	2.592712	2.592712	0.02833468
3360	-421.1361	-420.5043	-0.6317722	1.685714	1.685714	1.685714	1.685714	1.685714	1.685714	0.02788386
3370	-421.2232	-421.7807	0.5574393	1.175785	1.175785	1.175785	1.175785	1.175785	1.175785	0.02385832
3380	-420.6779	-421.6507	0.9728629	0.867395	0.867395	0.867395	0.867395	0.867395	0.867395	0.02515292
3390	-420.7286	-421.1289	0.4003055	1.229095	1.229095	1.229095	1.229095	1.229095	1.229095	0.02528213
3400	-421.0508	-421.1881	0.1372967	1.277195	1.277195	1.277195	1.277195	1.277195	1.277195	0.02999117
3410	-421.0446	-422.0335	0.9888919	0.615488	0.615488	0.615488	0.615488	0.615488	0.615488	0.02692164
3420	-423.0662	-422.5436	-0.5225539	1.547598	1.547598	1.547598	1.547598	1.547598	1.547598	0.03348171
3430	-420.5994	-421.3726	0.773182	1.013733	1.013733	1.013733	1.013733	1.013733	1.013733	0.02530264
3440	-420.7092	-420.6543	-0.05487367	1.410244	1.410244	1.410244	1.410244	1.410244	1.410244	0.02787709
3450	-421.8924	-420.5483	-1.344121	2.002348	2.002348	2.002348	2.002348	2.002348	2.002348	0.02888722
3460	-420.8299	-421.1428	0.3129079	1.194435	1.194435	1.194435	1.194435	1.194435	1.194435	0.02944042
3470	-420.8779	-421.8374	0.9594915	0.7295679	0.7295679	0.7295679	0.7295679	0.7295679	0.7295679	0.02820652
3480	-424.7964	-422.8817	-1.914723	2.186576	2.186576	2.186576	2.186576	2.186576	2.186576	0.03453724
3490	-422.5619	-421.0277	-1.534252	2.156627	2.156627	2.156627	2.156627	2.156627	2.156627	0.02515438
3500	-421.4315	-422.5244	1.092899	0.6125738	0.6125738	0.6125738	0.6125738	0.6125738	0.6125738	0.02421042
3510	-420.8546	-420.5701	-0.2844964	1.530443	1.530443	1.530443	1.530443	1.530443	1.530443	0.02735459
3520	-421.4278	-420.9492	-0.4786225	1.662105	1.662105	1.662105	1.662105	1.662105	1.662105	0.0251565
3530	-421.2351	-421.1587	-0.07641653	1.478558	1.478558	1.478558	1.478558	1.478558	1.478558	0.02475112
3540	-420.5482	-420.8368	0.2885999	1.234222	1.234222	1.234222	1.234222	1.234222	1.234222	0.02799679
3550	-420.5669	-421.1044	0.53752	1.08646	1.08646	1.08646	1.08646	1.08646	1.08646	0.02848169
3560	-420.4474	-421.2298	0.7823839	0.9524247	0.9524247	0.9524247	0.9524247	0.9524247	0.9524247	0.02740985
3570	-421.4095	-420.6252	-0.7842416	1.735858	1.735858	1.735858	1.735858	1.735858	1.735858	0.02918347
3580	-421.6929	-422.6871	0.9941639	0.5374698	0.5374698	0.5374698	0.5374698	0.5374698	0.5374698	0.02431495
3590	-422.1389	-422.7289	0.5900134	0.4396174	0.4396174	0.4396174	0.4396174	0.4396174	0.4396174	0.0275722
3600	-421.5933	-422.4848	0.8915481	0.5087438	0.5087438	0.5087438	0.5087438	0.5087438	0.5087438	0.02537209
3610	-423.2151	-424.03	0.8149302	1.098364	1.098364	1.098364	1.098364	1.098364	1.098364	0.02115029
3620	-422.2201	-421.9966	-0.2235812	1.42084	1.42084	1.42084	1.42084	1.42084	1.42084	0.03229393
3630	-421.2758	-420.5531	-0.7226851	1.715423	1.715423	1.715423	1.715423	1.715423	1.715423	0.02866427
3640	-420.9826	-420.6897	-0.2928596	1.508362	1.508362	1.508362	1.508362	1.508362	1.508362	0.0288862
3650	-424.2339	-421.3567	-2.877197	2.799194	2.799194	2.799194	2.799194	2.799194	2.799194	0.02551014
3660	-420.9304	-422.0101	1.079731	0.6919023	0.6919023	0.6919023	0.6919023	0.6919023	0.6919023	0.02518759
3670	-420.7789	-420.748	-0.03086276	1.428506	1.428506	1.428506	1.428506	1.428506	1.428506	0.02621867
3680	-421.9042	-420.634	-1.270197	2.011282	2.011282	2.011282	2.011282	2.011282	2.011282	0.02632177
3690	-421.9593	-422.7413	0.7819949	0.5185545	0.5185545	0.5185545	0.5185545	0.5185545	0.5185545	0.02894669
3700	-422.1403	-422.9983	0.8579307	0.6048677	0.6048677	0.6048677	0.6048677	0.6048677	0.6048677	0.03043531
3710	-420.9573	-420.9742	0.01698282	1.422029	1.422029	1.422029	1.422029	1.422029	1.422029	0.02532734
3720	-421.8841	-421.6927	-0.1913953	1.414458	1.414458	1.414458	1.414458	1.414458	1.414458	0.03168146
3730	-420.4854	-421.1918	0.7064025	1.041312	1.041312	1.041312	1.041312	1.041312	1.041312	0.02590716
3740	-420.8108	-420.6849	-0.1258447	1.470385	1.470385	1.470385	1.470385	1.470385	1.470385	0.0264491
3750	-422.4582	-421.3968	-1.061372	1.952901	1.952901	1.952901	1.952901	1.952901	1.952901	0.02419998
3760	-422.4137	-421.4917	-0.9220299	1.759202	1.759202	1.759202	1.759202	1.759202	1.759202	0.03186563
3770	-421.7309	-421.1091	-0.6218328	1.737184	1.737184	1.737184	1.737184	1.737184	1.737184	0.02473857
3780	-420.5178	-421.3623	0.8444796	0.9533991	0.9533991	0.9533991	0.9533991	0.9533991	0.9533991	0.02572518
3790	-421.0577	-422.1502	1.092474	0.6727883	0.6727883	0.6727883	0.6727883	0.6727883	0.6727883	0.02484829
3800	-420.773	-420.9815	0.2084748	1.255587	1.255587	1.255587	1.255587	1.255587	1.255587	0.02912032
3810	-420.8627	-420.6075	-0.2552309	1.525736	1.525736	1.525736	1.525736	1.525736	1.525736	0.0268285
3820	-420.5823	-420.7372	0.1549705	1.323122	1.323122	1.323122	1.323122	1.323122	1.323122	0.02692801
3830	-421.5664	-421.1673	-0.3990551	1.634611	1.634611	1.634611	1.634611	1.634611	1.634611	0.02462872
3840	-421.6307	-421.7404	0.1096443	1.268337	1.268337	1.268337	1.268337	1.268337	1.268337	0.03136551
3850	-420.6515	-421.1427	0.4911583	1.105922	1.105922	1.105922	1.105922	1.105922	1.105922	0.02886044
3860	-421.9912	-422.4714	0.4802002	1.050654	1.050654	1.050654	1.050654	1.050654	1.050654	0.03199948
3870	-421.3262	-420.5915	-0.7347252	1.758655	1.758655	1.758655	1.758655	1.758655	1.758655	0.0264536
3880	-421.4156	-422.5407	1.125111	0.7691753	0.7691753	0.7691753	0.7691753	0.7691753	0.7691753	0.02346993
3890	-421.5958	-420.9193	-0.6764383	1.753819	1.753819	1.753819	1.753819	1.753819	1.753819	0.025215
3900	-420.7835	-421.843	1.059461	0.7330561	0.7330561	0.7330561	0.7330561	0.7330561	0.7330561	0.02549286
3910	-423.9798	-421.2121	-2.767697	2.73956	2.73956	2.73956	2.73956	2.73956	2.73956	0.02578033
3920	-420.9259	-420.5888	-0.3371126	1.540296	1.540296	1.540296	1.540296	1.540296	1.540296	0.02824368
3930	-421.6993	-422.8622	1.162922	0.693138	0.693138	0.693138	0.693138	0.693138	0.693138	0.02317574
3940	-421.2651	-420.7145	-0.5505859	1.681933	1.681933	1.681933	1.681933	1.681933	1.681933	0.02591724
3950	-420.8489	-421.874	1.025037	0.6702632	0.6702632	0.6702632	0.6702632	0.6702632	0.6702632	0.02657248
3960	-420.7207	-421.7335	1.012743	0.8285394	0.8285394	0.8285394	0.8285394	0.8285394	0.8285394	0.02511735
3970	-423.7305	-423.6845	-0.04602253	0.3418089	0.3418089	0.3418089	0.3418089	0.3418089	0.3418089	0.02926466
3980	-421.895	-420.6177	-1.2773	2.013126	2.013126	2.013126	2.013126	2.013126	2.013126	0.02640518
3990	-420.9862	-420.8135	-0.172771	1.44402	1.44402	1.44402	1.44402	1.44402	1.44402	0.02926922
4000	-421.07	-420.5185	-0.5514532	1.65768	1.65768	1.65768	1.65768	1.65768	1.65768	0.02731266
4010	-420.5713	-421.2822	0.7109065	0.9782896	0.9782896	0.9782896	0.9782896	0.9782896	0.9782896	0.02838828
4020	-421.2555	-421.6309	0.3753524	1.269383	1.269383	1.269383	1.269383	1.269383	1.269383	0.02399823
4030	-421.8939	-422.776	0.8821392	0.6974995	0.6974995	0.6974995	0.6974995	0.6974995	0.6974995	0.0306796
4040	-420.6228	-421.4622	0.839404	0.9715966	0.9715966	0.9715966	0.9715966	0.9715966	0.9715966	0.02520593
4050	-421.1755	-420.7079	-0.4675791	1.585596	1.585596	1.585596	1.585596	1.585596	1.585596	0.0292562
4060	-421.9384	-423.0737	1.135295	0.6085709	0.6085709	0.6085709	0.6085709	0.6085709	0.6085709	0.02313353
4070	-420.4195	-420.9942	0.5747673	1.092209	1.092209	1.092209	1.092209	1.092209	1.092209	0.02717487
4080	-421.1532	-420.5048	-0.6483463	1.692155	1.692155	1.692155	1.692155	1.692155	1.692155	0.02796368
4090	-422.6994	-420.6119	-2.08749	2.363126	2.363126	2.363126	2.363126	2.363126	2.363126	0.02831193
4100	-420.8068	-421.8194	1.012656	0.8442242	0.8442242	0.8442242	0.8442242	0.8442242	0.8442242	0.02475239
4110	-421.5713	-422.3638	0.7925173	1.059344	1.059344	1.059344	1.059344	1.059344	1.059344	0.02308729
4120	-420.6449	-421.3347	0.6897779	0.9845176	0.9845176	0.9845176	0.9845176	0.9845176	0.9845176	0.02873346
4130	-420.5304	-420.876	0.345538	1.203606	1.203606	1.203606	1.203606	1.203606	1.203606	0.02801425
4140	-421.1547	-420.6256	-0.5291461	1.620443	1.620443	1.620443	1.620443	1.620443	1.620443	0.02890519
4150	-420.9999	-421.3665	0.3665704	1.155001	1.155001	1.155001	1.155001	1.155001	1.155001	0.02998419
4160	-421.5985	-420.6352	-0.9632606	1.869668	1.869668	1.869668	1.869668	1.869668	1.869668	0.02621647
4170	-420.5209	-421.4018	0.8808114	0.8698371	0.8698371	0.8698371	0.8698371	0.8698371	0.8698371	0.02750568
4180	-422.7017	-420.6669	-2.034838	2.361076	2.361076	2.361076	2.361076	2.361076	2.361076	0.0269752
4190	-421.9505	-420.8587	-1.091804	1.8621	1.8621	1.8621	1.8621	1.8621	1.8621	0.0302996
4200	-422.4461	-423.2366	0.7904512	0.5501905	0.5501905	0.5501905	0.5501905	0.5501905	0.5501905	0.03046921
4210	-423.7568	-420.9089	-2.847884	2.749263	2.749263	2.749263	2.749263	2.749263	2.749263	0.02739109
4220	-420.8857	-421.8072	0.9214391	0.9358586	0.9358586	0.9358586	0.9358586	0.9358586	0.9358586	0.02438895
4230	-420.8108	-420.9853	0.1744088	1.271392	1.271392	1.271392	1.271392	1.271392	1.271392	0.02922537
4240	-421.426	-420.4741	-0.9519084	1.836947	1.836947	1.836947	1.836947	1.836947	1.836947	0.02780148
4250	-421.9969	-422.8771	0.8802018	0.6769242	0.6769242	0.6769242	0.6769242	0.6769242	0.6769242	0.03073827
4260	-421.1553	-422.0441	0.8888337	0.7796584	0.7796584	0.7796584	0.7796584	0.7796584	0.7796584	0.02953381
4270	-421.4092	-422.3052	0.8960216	0.5589371	0.5589371	0.5589371	0.5589371	0.5589371	0.5589371	0.02779025
4280	-424.5086	-422.2491	-2.259547	2.365409	2.365409	2.365409	2.365409	2.365409	2.365409	0.0334673
4290	-421.3935	-422.3206	0.9271132	0.6377471	0.6377471	0.6377471	0.6377471	0.6377471	0.6377471	0.0290165
4300	-420.7616	-420.6089	-0.1526893	1.468647	1.468647	1.468647	1.468647	1.468647	1.468647	0.02726656
4310	-422.4175	-420.7549	-1.662646	2.135455	2.135455	2.135455	2.135455	2.135455	2.135455	0.02991495
4320	-421.4405	-422.0358	0.5953245	0.9989313	0.9989313	0.9989313	0.9989313	0.9989313	0.9989313	0.03091369
4330	-422.0061	-422.8789	0.8728291	0.705178	0.705178	0.705178	0.705178	0.705178	0.705178	0.03093915
4340	-423.3152	-420.9109	-2.404339	2.487748	2.487748	2.487748	2.487748	2.487748	2.487748	0.02999329
4350	-420.8462	-420.6264	-0.2198116	1.483765	1.483765	1.483765	1.483765	1.483765	1.483765	0.02826061
4360	-420.6164	-421.5983	0.9819198	0.8437021	0.8437021	0.8437021	0.8437021	0.8437021	0.8437021	0.02553796
4370	-421.6366	-420.7178	-0.9187721	1.790516	1.790516	1.790516	1.790516	1.790516	1.790516	0.02970507
4380	-421.0189	-420.6912	-0.3277439	1.572478	1.572478	1.572478	1.572478	1.572478	1.572478	0.02615125
4390	-423.7476	-424.6689	0.9212818	1.049384	1.049384	1.049384	1.049384	1.049384	1.049384	0.02062879
4400	-420.7629	-421.409	0.6461724	1.002965	1.002965	1.002965	1.002965	1.002965	1.002965	0.02920359
4410	-420.4756	-421.3423	0.8667598	0.8918624	0.8918624	0.8918624	0.8918624	0.8918624	0.8918624	0.02721131
4420	-421.7433	-420.9583	-0.7850362	1.716134	1.716134	1.716134	1.716134	1.716134	1.716134	0.03046219
4430	-421.16	-420.8799	-0.28009	1.563095	1.563095	1.563095	1.563095	1.563095	1.563095	0.02543146
4440	-421.2976	-421.1628	-0.1348581	1.407286	1.407286	1.407286	1.407286	1.407286	1.407286	0.03038104
4450	-421.7103	-421.6114	-0.09883736	1.507803	1.507803	1.507803	1.507803	1.507803	1.507803	0.02381954
4460	-421.7944	-420.5263	-1.268176	1.969513	1.969513	1.969513	1.969513	1.969513	1.969513	0.02872105
4470	-422.0341	-420.8997	-1.134471	1.879766	1.879766	1.879766	1.879766	1.879766	1.879766	0.03044673
4480	-420.9746	-420.5326	-0.4419687	1.602929	1.602929	1.602929	1.602929	1.602929	1.602929	0.02749185
4490	-421.1338	-420.7036	-0.4301397	1.623372	1.623372	1.623372	1.623372	1.623372	1.623372	0.02601859
4500	-422.8984	-424.0621	1.163656	0.8396158	0.8396158	0.8396158	0.8396158	0.8396158	0.8396158	0.02137805
4510	-420.6964	-421.7235	1.027056	0.7330028	0.7330028	0.7330028	0.7330028	0.7330028	0.7330028	0.02633298
4520	-422.6055	-422.3629	-0.2426343	1.420498	1.420498	1.420498	1.420498	1.420498	1.420498	0.03293816
4530	-420.5046	-420.8357	0.3311398	1.217962	1.217962	1.217962	1.217962	1.217962	1.217962	0.02766741
4540	-420.4531	-420.9552	0.5021093	1.146923	1.146923	1.146923	1.146923	1.146923	1.146923	0.02656531
4550	-430.494	-424.7014	-5.792549	4.206082	4.206082	4.206082	4.206082	4.206082	4.206082	0.03430966
4560	-426.0704	-426.0007	-0.06970643	1.588692	1.588692	1.588692	1.588692	1.588692	1.588692	0.01952485
4570	-421.8603	-422.1963	0.3360742	1.310343	1.310343	1.310343	1.310343	1.310343	1.310343	0.02304161
4580	-423.4861	-423.7344	0.2482876	0.3870382	0.3870382	0.3870382	0.3870382	0.3870382	0.3870382	0.0299162
4590	-421.1381	-422.1098	0.9716316	0.5899657	0.5899657	0.5899657	0.5899657	0.5899657	0.5899657	0.02678686
4600	-422.9351	-420.8028	-2.132277	2.418432	2.418432	2.418432	2.418432	2.418432	2.418432	0.026383
4610	-421.5116	-420.5453	-0.9662936	1.862148	1.862148	1.862148	1.862148	1.862148	1.862148	0.02672292
4620	-422.0169	-420.5274	-1.489475	2.075013	2.075013	2.075013	2.075013	2.075013	2.075013	0.02860953
4630	-424.0706	-421.1597	-2.910898	2.72991	2.72991	2.72991	2.72991	2.72991	2.72991	0.03033511
4640	-420.9422	-421.1787	0.2365754	1.229639	1.229639	1.229639	1.229639	1.229639	1.229639	0.0297491
4650	-420.6868	-421.1597	0.4729057	1.189759	1.189759	1.189759	1.189759	1.189759	1.189759	0.02530524
4660	-420.8837	-420.5771	-0.3065994	1.530136	1.530136	1.530136	1.530136	1.530136	1.530136	0.02798393
4670	-422.4217	-420.8978	-1.523949	2.061469	2.061469	2.061469	2.061469	2.061469	2.061469	0.03048007
4680	-420.6764	-421.6474	0.9710197	0.8690715	0.8690715	0.8690715	0.8690715	0.8690715	0.8690715	0.02515388
4690	-423.3401	-423.8028	0.4627441	1.286919	1.286919	1.286919	1.286919	1.286919	1.286919	0.02125389
4700	-422.3804	-421.9905	-0.3899019	1.499081	1.499081	1.499081	1.499081	1.499081	1.499081	0.0324511
4710	-420.7226	-421.7159	0.9933562	0.7319163	0.7319163	0.7319163	0.7319163	0.7319163	0.7319163	0.02724582
4720	-421.2345	-421.974	0.7395488	1.075918	1.075918	1.075918	1.075918	1.075918	1.075918	0.02368646
4730	-420.4877	-421.2824	0.7947372	0.9350252	0.9350252	0.9350252	0.9350252	0.9350252	0.9350252	0.02771381
4740	-420.7904	-420.7742	-0.0161915	1.376246	1.376246	1.376246	1.376246	1.376246	1.376246	0.02873437
4750	-420.4956	-421.0205	0.5248655	1.102876	1.102876	1.102876	1.102876	1.102876	1.102876	0.02805023
4760	-420.8144	-420.6662	-0.1482084	1.446945	1.446945	1.446945	1.446945	1.446945	1.446945	0.02838769
4770	-420.942	-421.9768	1.034851	0.6433666	0.6433666	0.6433666	0.6433666	0.6433666	0.6433666	0.02611731
4780	-420.6781	-421.2418	0.5636877	1.141958	1.141958	1.141958	1.141958	1.141958	1.141958	0.02520081
4790	-420.4382	-420.9531	0.5149172	1.135988	1.135988	1.135988	1.135988	1.135988	1.135988	0.02674205
4800	-420.7266	-420.7975	0.07089608	1.380296	1.380296	1.380296	1.380296	1.380296	1.380296	0.02612328
4810	-420.6692	-421.3573	0.6880101	0.9834559	0.9834559	0.9834559	0.9834559	0.9834559	0.9834559	0.02882892
4820	-421.5422	-422.1731	0.6309541	0.9711055	0.9711055	0.9711055	0.9711055	0.9711055	0.9711055	0.03106957
4830	-420.6813	-421.1476	0.466375	1.117951	1.117951	1.117951	1.117951	1.117951	1.117951	0.0289751
4840	-420.906	-421.9442	1.038122	0.8283088	0.8283088	0.8283088	0.8283088	0.8283088	0.8283088	0.02449301
4850	-422.195	-423.0298	0.8348089	0.5769402	0.5769402	0.5769402	0.5769402	0.5769402	0.5769402	0.03026832
4860	-421.3723	-422.024	0.6516734	0.9646586	0.9646586	0.9646586	0.9646586	0.9646586	0.9646586	0.0307113
4870	-421.9156	-423.0653	1.149653	0.7890667	0.7890667	0.7890667	0.7890667	0.7890667	0.7890667	0.02260969
4880	-420.7222	-420.7871	0.06487955	1.338594	1.338594	1.338594	1.338594	1.338594	1.338594	0.02857489
4890	-420.449	-421.2969	0.8478626	0.9140863	0.9140863	0.9140863	0.9140863	0.9140863	0.9140863	0.02699538
4900	-420.7442	-420.6296	-0.1146444	1.440123	1.440123	1.440123	1.440123	1.440123	1.440123	0.0278385
4910	-421.7233	-422.3855	0.6621845	0.94191	0.94191	0.94191	0.94191	0.94191	0.94191	0.03135403
4920	-420.5405	-420.7781	0.2375222	1.267677	1.267677	1.267677	1.267677	1.267677	1.267677	0.02763562
4930	-420.6071	-421.2996	0.6924596	1.064091	1.064091	1.064091	1.064091	1.064091	1.064091	0.02531922
4940	-420.5075	-421.3795	0.8719767	0.879112	0.879112	0.879112	0.879112	0.879112	0.879112	0.02746765
4950	-422.1834	-420.5566	-1.626772	2.137019	2.137019	2.137019	2.137019	2.137019	2.137019	0.02876509
4960	-421.8143	-422.6854	0.8710125	0.4910073	0.4910073	0.4910073	0.4910073	0.4910073	0.4910073	0.02475355
4970	-421.7421	-422.5147	0.7726113	0.4952961	0.4952961	0.4952961	0.4952961	0.4952961	0.4952961	0.02763043
4980	-421.2017	-421.5777	0.3759885	1.266769	1.266769	1.266769	1.266769	1.266769	1.266769	0.02410436
4990	-420.5734	-421.0634	0.4899832	1.17108	1.17108	1.17108	1.17108	1.17108	1.17108	0.02574312
5000	-420.6528	-420.9323	0.2795095	1.280484	1.280484	1.280484	1.280484	1.280484	1.280484	0.02584977
5010	-421.0389	-421.7707	0.7317598	0.9265065	0.9265065	0.9265065	0.9265065	0.9265065	0.9265065	0.02984477
5020	-420.9367	-420.5856	-0.3510959	1.546836	1.546836	1.546836	1.546836	1.546836	1.546836	0.02825129
5030	-425.1878	-424.8103	-0.3775539	0.3120313	0.3120313	0.3120313	0.3120313	0.3120313	0.3120313	0.03108192
5040	-421.1635	-420.7251	-0.4384454	1.571105	1.571105	1.571105	1.571105	1.571105	1.571105	0.02929716
5050	-420.4138	-421.1543	0.7405251	0.9991469	0.9991469	0.9991469	0.9991469	0.9991469	0.9991469	0.02672704
5060	-420.4155	-421.0126	0.5971123	1.080192	1.080192	1.080192	1.080192	1.080192	1.080192	0.02711806
5070	-420.5227	-421.4172	0.8944327	0.8601752	0.8601752	0.8601752	0.8601752	0.8601752	0.8601752	0.02741378
5080	-420.4381	-421.0785	0.6403627	1.043279	1.043279	1.043279	1.043279	1.043279	1.043279	0.02758898
5090	-421.7168	-422.7241	1.007345	0.5418338	0.5418338	0.5418338	0.5418338	0.5418338	0.5418338	0.02418501
5100	-420.5623	-421.0825	0.5201478	1.154467	1.154467	1.154467	1.154467	1.154467	1.154467	0.02574014
5110	-420.9757	-421.7427	0.7670542	0.9046534	0.9046534	0.9046534	0.9046534	0.9046534	0.9046534	0.02960939
5120	-421.4386	-421.9662	0.5275535	1.200165	1.200165	1.200165	1.200165	1.200165	1.200165	0.02350228
5130	-420.8949	-421.9621	1.067162	0.7807695	0.7807695	0.7807695	0.7807695	0.7807695	0.7807695	0.02469214
5140	-420.6912	-421.5817	0.8905282	0.8324253	0.8324253	0.8324253	0.8324253	0.8324253	0.8324253	0.02828218
5150	-421.0996	-422.2051	1.105469	0.691599	0.691599	0.691599	0.691599	0.691599	0.691599	0.02454786
5160	-424.7159	-425.4258	0.7099073	0.5668434	0.5668434	0.5668434	0.5668434	0.5668434	0.5668434	0.03385273
5170	-421.3644	-422.3151	0.9507252	0.5446203	0.5446203	0.5446203	0.5446203	0.5446203	0.5446203	0.0257177
5180	-423.3683	-423.4428	0.07455509	0.3331953	0.3331953	0.3331953	0.3331953	0.3331953	0.3331953	0.02412353
5190	-420.8767	-421.9428	1.066102	0.6879138	0.6879138	0.6879138	0.6879138	0.6879138	0.6879138	0.02553546
5200	-420.6149	-421.6202	1.005392	0.8021306	0.8021306	0.8021306	0.8021306	0.8021306	0.8021306	0.02586858
5210	-420.5868	-421.2059	0.619066	1.104019	1.104019	1.104019	1.104019	1.104019	1.104019	0.02547849
5220	-421.4509	-421.4371	-0.01381976	1.33889	1.33889	1.33889	1.33889	1.33889	1.33889	0.03089638
5230	-421.9619	-420.6166	-1.345234	2.044154	2.044154	2.044154	2.044154	2.044154	2.044154	0.02645051
5240	-420.4553	-420.8985	0.4432842	1.173621	1.173621	1.173621	1.173621	1.173621	1.173621	0.02684921
5250	-421.1036	-420.5208	-0.5827623	1.674652	1.674652	1.674652	1.674652	1.674652	1.674652	0.02718265
5260	-422.0433	-421.7121	-0.3311886	1.479477	1.479477	1.479477	1.479477	1.479477	1.479477	0.0318723
5270	-423.1704	-421.2136	-1.956828	2.360773	2.360773	2.360773	2.360773	2.360773	2.360773	0.02496665
5280	-421.2179	-422.0982	0.8803355	0.9873011	0.9873011	0.9873011	0.9873011	0.9873011	0.9873011	0.02365159
5290	-420.5673	-421.3371	0.7697826	0.9394788	0.9394788	0.9394788	0.9394788	0.9394788	0.9394788	0.02824706
5300	-420.9714	-421.1424	0.1709735	1.263389	1.263389	1.263389	1.263389	1.263389	1.263389	0.02978273
5310	-421.452	-421.879	0.4270692	1.251605	1.251605	1.251605	1.251605	1.251605	1.251605	0.02358184
5320	-424.4587	-421.117	-3.341718	2.989034	2.989034	2.989034	2.989034	2.989034	2.989034	0.02783745
5330	-421.0531	-420.6276	-0.4255316	1.614009	1.614009	1.614009	1.614009	1.614009	1.614009	0.02641742
5340	-420.4862	-420.826	0.3397988	1.222716	1.222716	1.222716	1.222716	1.222716	1.222716	0.02718456
5350	-420.6411	-420.7625	0.1214394	1.316905	1.316905	1.316905	1.316905	1.316905	1.316905	0.02819074
5360	-421.2792	-421.168	-0.1111629	1.496047	1.496047	1.496047	1.496047	1.496047	1.496047	0.02471243
5370	-420.7907	-421.0028	0.2121225	1.322896	1.322896	1.322896	1.322896	1.322896	1.322896	0.02544355
5380	-421.7342	-420.6267	-1.107547	1.93578	1.93578	1.93578	1.93578	1.93578	1.93578	0.02628916
5390	-422.0158	-422.8863	0.8704211	0.4830494	0.4830494	0.4830494	0.4830494	0.4830494	0.4830494	0.02421679
5400	-425.3581	-423.7235	-1.634689	0.2143167	0.2143167	0.2143167	0.2143167	0.2143167	0.2143167	0.02515384
5410	-421.2504	-420.6672	-0.5832322	1.693754	1.693754	1.693754	1.693754	1.693754	1.693754	0.02611178
5420	-420.6163	-421.5712	0.9549289	0.7927831	0.7927831	0.7927831	0.7927831	0.7927831	0.7927831	0.0273978
5430	-420.7336	-420.6432	-0.09034689	1.444142	1.444142	1.444142	1.444142	1.444142	1.444142	0.02694672
5440	-421.1593	-420.7025	-0.4567766	1.636117	1.636117	1.636117	1.636117	1.636117	1.636117	0.02600895
5450	-421.4668	-422.601	1.134229	0.7579649	0.7579649	0.7579649	0.7579649	0.7579649	0.7579649	0.02340106
5460	-422.1874	-420.8931	-1.294395	2.039258	2.039258	2.039258	2.039258	2.039258	2.039258	0.02540334
5470	-420.8303	-421.1254	0.2951096	1.286754	1.286754	1.286754	1.286754	1.286754	1.286754	0.02514089
5480	-420.9714	-421.315	0.3435606	1.169331	1.169331	1.169331	1.169331	1.169331	1.169331	0.02989741
5490	-420.5331	-420.7702	0.2371461	1.278136	1.278136	1.278136	1.278136	1.278136	1.278136	0.02709168
5500	-420.9606	-420.63	-0.3306044	1.531478	1.531478	1.531478	1.531478	1.531478	1.531478	0.02858345
5510	-420.9886	-420.627	-0.3615878	1.545527	1.545527	1.545527	1.545527	1.545527	1.545527	0.02862774
5520	-422.7976	-421.5233	-1.274348	1.920895	1.920895	1.920895	1.920895	1.920895	1.920895	0.03206647
5530	-421.4616	-420.5123	-0.9493082	1.823814	1.823814	1.823814	1.823814	1.823814	1.823814	0.02851988
5540	-420.7114	-421.4235	0.7121353	0.9638083	0.9638083	0.9638083	0.9638083	0.9638083	0.9638083	0.02894401
5550	-421.6529	-420.4738	-1.179092	1.943768	1.943768	1.943768	1.943768	1.943768	1.943768	0.02776038
5560	-420.8731	-421.5115	0.6383265	1.000413	1.000413	1.000413	1.000413	1.000413	1.000413	0.02954683
5570	-420.4986	-421.3413	0.8427389	0.9007888	0.9007888	0.9007888	0.9007888	0.9007888	0.9007888	0.02757958
5580	-421.4498	-422.0956	0.645763	1.137977	1.137977	1.137977	1.137977	1.137977	1.137977	0.0233797
5590	-421.097	-422.0145	0.917475	0.7502002	0.7502002	0.7502002	0.7502002	0.7502002	0.7502002	0.02917624
5600	-421.521	-420.5106	-1.010469	1.877741	1.877741	1.877741	1.877741	1.877741	1.877741	0.02701281
5610	-420.4598	-420.875	0.4151428	1.18015	1.18015	1.18015	1.18015	1.18015	1.18015	0.0272879
5620	-421.7414	-420.487	-1.254365	1.984372	1.984372	1.984372	1.984372	1.984372	1.984372	0.02744146
5630	-420.4454	-421.0224	0.5769968	1.107458	1.107458	1.107458	1.107458	1.107458	1.107458	0.0264165
5640	-420.7535	-421.7808	1.027316	0.7060224	0.7060224	0.7060224	0.7060224	0.7060224	0.7060224	0.02650702
5650	-420.8454	-420.6436	-0.2017834	1.473348	1.473348	1.473348	1.473348	1.473348	1.473348	0.0283614
5660	-420.8318	-421.6297	0.7978691	0.8923781	0.8923781	0.8923781	0.8923781	0.8923781	0.8923781	0.02913442
5670	-420.5328	-421.4713	0.9384945	0.8711794	0.8711794	0.8711794	0.8711794	0.8711794	0.8711794	0.02592614
5680	-421.3988	-422.4602	1.061383	0.5916454	0.5916454	0.5916454	0.5916454	0.5916454	0.5916454	0.02452958
5690	-421.1042	-420.587	-0.5171814	1.619334	1.619334	1.619334	1.619334	1.619334	1.619334	0.02862854
5700	-420.9993	-421.867	0.8677166	0.8178462	0.8178462	0.8178462	0.8178462	0.8178462	0.8178462	0.02931091
5710	-422.2191	-423.0931	0.8740002	0.4778192	0.4778192	0.4778192	0.4778192	0.4778192	0.4778192	0.02375693
5720	-421.6503	-422.1966	0.5463027	1.021724	1.021724	1.021724	1.021724	1.021724	1.021724	0.03135766
5730	-422.0569	-420.8978	-1.159111	1.891261	1.891261	1.891261	1.891261	1.891261	1.891261	0.03044764
5740	-421.351	-422.2629	0.9118774	0.7210526	0.7210526	0.7210526	0.7210526	0.7210526	0.7210526	0.0296569
5750	-421.4164	-422.5515	1.135096	0.6745884	0.6745884	0.6745884	0.6745884	0.6745884	0.6745884	0.02381653
5760	-420.4914	-421.4138	0.9223822	0.8644532	0.8644532	0.8644532	0.8644532	0.8644532	0.8644532	0.02653845
5770	-420.538	-420.9052	0.3671917	1.226563	1.226563	1.226563	1.226563	1.226563	1.226563	0.02625871
5780	-420.945	-421.9274	0.9823804	0.6729548	0.6729548	0.6729548	0.6729548	0.6729548	0.6729548	0.02774077
5790	-420.6369	-420.7743	0.1374575	1.341212	1.341212	1.341212	1.341212	1.341212	1.341212	0.02643617
5800	-422.7144	-421.6678	-1.046529	1.811302	1.811302	1.811302	1.811302	1.811302	1.811302	0.03228496
5810	-422.6822	-422.5492	-0.1329625	1.363794	1.363794	1.363794	1.363794	1.363794	1.363794	0.03311355
5820	-421.8935	-420.5058	-1.387738	2.048842	2.048842	2.048842	2.048842	2.048842	2.048842	0.02732446
5830	-420.5292	-421.2203	0.6911804	0.9961357	0.9961357	0.9961357	0.9961357	0.9961357	0.9961357	0.02820557
5840	-421.1474	-422.2398	1.09241	0.6513512	0.6513512	0.6513512	0.6513512	0.6513512	0.6513512	0.02472942
5850	-422.2896	-423.0369	0.747355	0.5145101	0.5145101	0.5145101	0.5145101	0.5145101	0.5145101	0.02970009
5860	-422.3812	-420.644	-1.73717	2.225039	2.225039	2.225039	2.225039	2.225039	2.225039	0.02665966
5870	-421.3357	-422.194	0.8583596	0.7972557	0.7972557	0.7972557	0.7972557	0.7972557	0.7972557	0.03007683
5880	-421.49	-422.0321	0.5420261	1.030616	1.030616	1.030616	1.030616	1.030616	1.030616	0.03105757
5890	-423.5546	-420.8244	-2.730159	2.681962	2.681962	2.681962	2.681962	2.681962	2.681962	0.02790209
5900	-421.0391	-420.5176	-0.5214831	1.637469	1.637469	1.637469	1.637469	1.637469	1.637469	0.02766808
5910	-421.2019	-421.6515	0.4495644	1.098104	1.098104	1.098104	1.098104	1.098104	1.098104	0.03049197
5920	-421.443	-421.2073	-0.2356381	1.452399	1.452399	1.452399	1.452399	1.452399	1.452399	0.03063533
5930	-421.9425	-422.2366	0.2941078	1.159409	1.159409	1.159409	1.159409	1.159409	1.159409	0.03198263
5940	-420.703	-421.235	0.5319581	1.160586	1.160586	1.160586	1.160586	1.160586	1.160586	0.02515906
5950	-421.7001	-422.0837	0.3836369	1.281912	1.281912	1.281912	1.281912	1.281912	1.281912	0.0232289
5960	-428.0734	-423.1227	-4.950653	3.75846	3.75846	3.75846	3.75846	3.75846	3.75846	0.03257548
5970	-422.5042	-420.7658	-1.738341	2.235722	2.235722	2.235722	2.235722	2.235722	2.235722	0.02609567
5980	-421.1542	-420.7397	-0.4144983	1.618643	1.618643	1.618643	1.618643	1.618643	1.618643	0.02587259
5990	-421.2467	-420.5435	-0.703198	1.707988	1.707988	1.707988	1.707988	1.707988	1.707988	0.02856032
6000	-421.5553	-420.8224	-0.7329408	1.774984	1.774984	1.774984	1.774984	1.774984	1.774984	0.02550061
6010	-423.4477	-420.8901	-2.557606	2.567654	2.567654	2.567654	2.567654	2.567654	2.567654	0.02965317
6020	-421.2221	-420.5072	-0.7149242	1.719806	1.719806	1.719806	1.719806	1.719806	1.719806	0.02817804
6030	-421.2087	-422.1556	0.946855	0.6020452	0.6020452	0.6020452	0.6020452	0.6020452	0.6020452	0.02777803
6040	-420.5002	-421.417	0.916746	0.8551963	0.8551963	0.8551963	0.8551963	0.8551963	0.8551963	0.02694709
6050	-423.7696	-420.9947	-2.774958	2.727358	2.727358	2.727358	2.727358	2.727358	2.727358	0.02661633
6060	-421.1688	-420.6509	-0.5178883	1.661073	1.661073	1.661073	1.661073	1.661073	1.661073	0.02622137
6070	-420.7489	-420.6999	-0.04893354	1.39926	1.39926	1.39926	1.39926	1.39926	1.39926	0.02833858
6080	-421.0007	-421.8367	0.8359961	1.004134	1.004134	1.004134	1.004134	1.004134	1.004134	0.02411185
6090	-420.6538	-420.7337	0.07990682	1.339114	1.339114	1.339114	1.339114	1.339114	1.339114	0.02811954
6100	-421.0847	-420.5141	-0.5705634	1.656806	1.656806	1.656806	1.656806	1.656806	1.656806	0.02789138
6110	-422.4592	-420.6031	-1.856117	2.243444	2.243444	2.243444	2.243444	2.243444	2.243444	0.02888302
6120	-420.5849	-421.5216	0.9367298	0.8145397	0.8145397	0.8145397	0.8145397	0.8145397	0.8145397	0.0274326
6130	-420.5826	-420.9186	0.3359689	1.201867	1.201867	1.201867	1.201867	1.201867	1.201867	0.02837526
6140	-420.4457	-421.0217	0.5759523	1.081176	1.081176	1.081176	1.081176	1.081176	1.081176	0.02765241
6150	-421.1109	-421.0636	-0.04732689	1.459395	1.459395	1.459395	1.459395	1.459395	1.459395	0.0250135
6160	-420.6566	-421.6026	0.9459698	0.7902548	0.7902548	0.7902548	0.7902548	0.7902548	0.7902548	0.02769428
6170	-425.4832	-426.2139	0.7306789	1.193114	1.193114	1.193114	1.193114	1.193114	1.193114	0.01943433
6180	-422.7541	-423.3585	0.6044184	1.200944	1.200944	1.200944	1.200944	1.200944	1.200944	0.02173197
6190	-420.8777	-421.0517	0.173952	1.346294	1.346294	1.346294	1.346294	1.346294	1.346294	0.02523158
6200	-420.8606	-420.7173	-0.143257	1.483028	1.483028	1.483028	1.483028	1.483028	1.483028	0.02621791
6210	-420.9126	-421.7027	0.790136	0.8917052	0.8917052	0.8917052	0.8917052	0.8917052	0.8917052	0.02938371
6220	-421.0105	-420.56	-0.4505259	1.616892	1.616892	1.616892	1.616892	1.616892	1.616892	0.02692132
6230	-421.0744	-421.3646	0.2902058	1.302507	1.302507	1.302507	1.302507	1.302507	1.302507	0.02449773
6240	-421.0345	-420.704	-0.3304724	1.523983	1.523983	1.523983	1.523983	1.523983	1.523983	0.02903119
6250	-420.4982	-421.3392	0.8410001	0.9523481	0.9523481	0.9523481	0.9523481	0.9523481	0.9523481	0.02585208
6260	-421.8402	-422.1867	0.3464484	1.133381	1.133381	1.133381	1.133381	1.133381	1.133381	0.03179513
6270	-423.2255	-423.5551	0.3296188	1.349352	1.349352	1.349352	1.349352	1.349352	1.349352	0.02146273
6280	-421.7515	-422.619	0.867451	1.020588	1.020588	1.020588	1.020588	1.020588	1.020588	0.0227843
6290	-422.0362	-422.4236	0.387374	1.10403	1.10403	1.10403	1.10403	1.10403	1.10403	0.03212095
6300	-421.5544	-422.1439	0.5894999	0.997958	0.997958	0.997958	0.997958	0.997958	0.997958	0.03113959
6310	-420.4095	-421.1147	0.7051832	1.018596	1.018596	1.018596	1.018596	1.018596	1.018596	0.02688106
6320	-420.7622	-421.8155	1.05325	0.7286309	0.7286309	0.7286309	0.7286309	0.7286309	0.7286309	0.0256899
6330	-421.0737	-420.607	-0.4667247	1.594503	1.594503	1.594503	1.594503	1.594503	1.594503	0.028687
6340	-420.5634	-421.4599	0.8964393	0.9196157	0.9196157	0.9196157	0.9196157	0.9196157	0.9196157	0.02553722
6350	-420.8615	-421.7457	0.8841946	0.9615855	0.9615855	0.9615855	0.9615855	0.9615855	0.9615855	0.02444477
6360	-423.8283	-424.5153	0.6870528	0.5273036	0.5273036	0.5273036	0.5273036	0.5273036	0.5273036	0.03241728
6370	-420.682	-421.3064	0.6244003	1.109305	1.109305	1.109305	1.109305	1.109305	1.109305	0.02511334
6380	-422.4285	-423.1206	0.6920277	0.8918725	0.8918725	0.8918725	0.8918725	0.8918725	0.8918725	0.03240631
6390	-421.2145	-420.5129	-0.7015747	1.731634	1.731634	1.731634	1.731634	1.731634	1.731634	0.02711137
6400	-420.7397	-421.7886	1.04896	0.7387515	0.7387515	0.7387515	0.7387515	0.7387515	0.7387515	0.02570755
6410	-422.283	-421.3451	-0.9378774	1.893795	1.893795	1.893795	1.893795	1.893795	1.893795	0.02427261
6420	-420.6428	-421.5784	0.9355535	0.8020921	0.8020921	0.8020921	0.8020921	0.8020921	0.8020921	0.02774062
6430	-421.503	-422.3571	0.8541414	0.788133	0.788133	0.788133	0.788133	0.788133	0.788133	0.03040299
6440	-420.5301	-421.2274	0.6973338	1.052937	1.052937	1.052937	1.052937	1.052937	1.052937	0.02565894
6450	-420.459	-420.9192	0.4601976	1.149522	1.149522	1.149522	1.149522	1.149522	1.149522	0.02757392
6460	-422.723	-422.9332	0.210228	1.184501	1.184501	1.184501	1.184501	1.184501	1.184501	0.03322731
6470	-421.4204	-422.5544	1.133948	0.7485329	0.7485329	0.7485329	0.7485329	0.7485329	0.7485329	0.0235153
6480	-420.4856	-421.1743	0.6887082	1.003935	1.003935	1.003935	1.003935	1.003935	1.003935	0.02794651
6490	-420.6068	-420.7048	0.09800305	1.34853	1.34853	1.34853	1.34853	1.34853	1.34853	0.02710115
6500	-420.8781	-421.2804	0.4022903	1.237736	1.237736	1.237736	1.237736	1.237736	1.237736	0.02482191
6510	-422.1524	-421.6821	-0.4702897	1.545091	1.545091	1.545091	1.545091	1.545091	1.545091	0.03194431
6520	-420.4451	-421.1839	0.7388243	0.9802718	0.9802718	0.9802718	0.9802718	0.9802718	0.9802718	0.02752767
6530	-420.41	-421.0866	0.67661	1.032744	1.032744	1.032744	1.032744	1.032744	1.032744	0.02705593
6540	-420.4902	-421.0585	0.5682973	1.077547	1.077547	1.077547	1.077547	1.077547	1.077547	0.02803456
6550	-420.8199	-420.6422	-0.1777351	1.491258	1.491258	1.491258	1.491258	1.491258	1.491258	0.02667789
6560	-421.5546	-422.388	0.8333937	0.5079056	0.5079056	0.5079056	0.5079056	0.5079056	0.5079056	0.02683789
6570	-420.427	-421.0615	0.634442	1.050118	1.050118	1.050118	1.050118	1.050118	1.050118	0.02744938
6580	-421.2444	-421.7965	0.5520918	1.179507	1.179507	1.179507	1.179507	1.179507	1.179507	0.0238235
6590	-421.8069	-420.9354	-0.8714684	1.845675	1.845675	1.845675	1.845675	1.845675	1.845675	0.02517785
6600	-420.977	-420.8021	-0.1748458	1.506272	1.506272	1.506272	1.506272	1.506272	1.506272	0.02578272
6610	-420.5487	-421.4915	0.9427927	0.8215817	0.8215817	0.8215817	0.8215817	0.8215817	0.8215817	0.02710374
6620	-421.0526	-420.548	-0.5045821	1.619745	1.619745	1.619745	1.619745	1.619745	1.619745	0.0282455
6630	-423.2854	-423.3377	0.05224667	0.3505262	0.3505262	0.3505262	0.3505262	0.3505262	0.3505262	0.0284232
6640	-422.3991	-422.4898	0.09069293	1.256024	1.256024	1.256024	1.256024	1.256024	1.256024	0.03273281
6650	-421.2956	-422.366	1.070461	0.8347068	0.8347068	0.8347068	0.8347068	0.8347068	0.8347068	0.023575
6660	-423.5865	-423.4065	-0.1799913	1.593997	1.593997	1.593997	1.593997	1.593997	1.593997	0.02155867
6670	-420.9608	-421.8173	0.856537	0.8320537	0.8320537	0.8320537	0.8320537	0.8320537	0.8320537	0.02927005
6680	-420.7261	-421.768	1.041889	0.7764777	0.7764777	0.7764777	0.7764777	0.7764777	0.7764777	0.02539389
6690	-421.5504	-420.6227	-0.9276355	1.852037	1.852037	1.852037	1.852037	1.852037	1.852037	0.02627217
6700	-423.0954	-424.0818	0.9864444	0.9898639	0.9898639	0.9898639	0.9898639	0.9898639	0.9898639	0.02119048
6710	-420.4311	-421.1485	0.7174526	1.023177	1.023177	1.023177	1.023177	1.023177	1.023177	0.02636534
6720	-420.6127	-421.1037	0.4910335	1.174359	1.174359	1.174359	1.174359	1.174359	1.174359	0.02556289
6730	-420.4535	-421.1021	0.6486315	1.034689	1.034689	1.034689	1.034689	1.034689	1.034689	0.02773829
6740	-420.6587	-421.6837	1.025074	0.7624653	0.7624653	0.7624653	0.7624653	0.7624653	0.7624653	0.02603776
6750	-420.5008	-421.4284	0.9276102	0.8521375	0.8521375	0.8521375	0.8521375	0.8521375	0.8521375	0.02673886
6760	-421.1713	-421.3464	0.1750825	1.361346	1.361346	1.361346	1.361346	1.361346	1.361346	0.02445454
6770	-421.2454	-421.8297	0.5843151	1.014672	1.014672	1.014672	1.014672	1.014672	1.014672	0.03051855
6780	-421.2645	-421.3414	0.0768401	1.29924	1.29924	1.29924	1.29924	1.29924	1.29924	0.0305192
6790	-420.7792	-420.9215	0.1422984	1.291127	1.291127	1.291127	1.291127	1.291127	1.291127	0.02904292
6800	-420.9168	-421.5696	0.6528166	0.9882496	0.9882496	0.9882496	0.9882496	0.9882496	0.9882496	0.02965278
6810	-421.3496	-420.6023	-0.7473453	1.765697	1.765697	1.765697	1.765697	1.765697	1.765697	0.02638936
6820	-421.0851	-422.0386	0.9535377	0.6879484	0.6879484	0.6879484	0.6879484	0.6879484	0.6879484	0.02857786
6830	-422.4089	-423.2495	0.840568	0.7298819	0.7298819	0.7298819	0.7298819	0.7298819	0.7298819	0.03176527
6840	-421.0468	-420.6177	-0.4290587	1.576525	1.576525	1.576525	1.576525	1.576525	1.576525	0.02869403
6850	-421.4864	-420.6256	-0.8608433	1.82113	1.82113	1.82113	1.82113	1.82113	1.82113	0.02625569
6860	-421.1101	-422.0748	0.9646468	0.6286657	0.6286657	0.6286657	0.6286657	0.6286657	0.6286657	0.02781646
6870	-421.3527	-422.4861	1.133463	0.692751	0.692751	0.692751	0.692751	0.692751	0.692751	0.02386909
6880	-421.5595	-422.4565	0.8969742	0.5926885	0.5926885	0.5926885	0.5926885	0.5926885	0.5926885	0.0289433
6890	-420.7451	-421.5587	0.8136176	0.8882859	0.8882859	0.8882859	0.8882859	0.8882859	0.8882859	0.02881599
6900	-420.9658	-421.808	0.8422381	0.8444453	0.8444453	0.8444453	0.8444453	0.8444453	0.8444453	0.02934505
6910	-420.929	-421.2298	0.3007657	1.289931	1.289931	1.289931	1.289931	1.289931	1.289931	0.02484466
6920	-425.3735	-424.6803	-0.6932078	1.858537	1.858537	1.858537	1.858537	1.858537	1.858537	0.02049473
6930	-421.5511	-421.9629	0.4117036	1.106028	1.106028	1.106028	1.106028	1.106028	1.106028	0.03124139
6940	-420.5289	-420.7965	0.2676825	1.267272	1.267272	1.267272	1.267272	1.267272	1.267272	0.02683555
6950	-420.846	-421.1364	0.2903669	1.205867	1.205867	1.205867	1.205867	1.205867	1.205867	0.02947877
6960	-421.2172	-421.2362	0.01896455	1.435004	1.435004	1.435004	1.435004	1.435004	1.435004	0.02461416
6970	-420.5432	-421.0896	0.5464258	1.138677	1.138677	1.138677	1.138677	1.138677	1.138677	0.02578945
6980	-420.7394	-420.6165	-0.1228223	1.45252	1.45252	1.45252	1.45252	1.45252	1.45252	0.02736021
6990	-420.4866	-420.9474	0.4608137	1.142713	1.142713	1.142713	1.142713	1.142713	1.142713	0.02789388
7000	-420.7005	-421.5993	0.8987949	0.823949	0.823949	0.823949	0.823949	0.823949	0.823949	0.02826429
7010	-423.5611	-424.0669	0.5058855	0.9917224	0.9917224	0.9917224	0.9917224	0.9917224	0.9917224	0.03417062
7020	-420.8685	-421.8824	1.01394	0.8514255	0.8514255	0.8514255	0.8514255	0.8514255	0.8514255	0.02454494
7030	-421.1986	-421.9771	0.7784235	0.880863	0.880863	0.880863	0.880863	0.880863	0.880863	0.0301021
7040	-420.9859	-420.8375	-0.1484108	1.431203	1.431203	1.431203	1.431203	1.431203	1.431203	0.02932655
7050	-421.0909	-421.0712	-0.01967218	1.446043	1.446043	1.446043	1.446043	1.446043	1.446043	0.02501
7060	-420.7649	-420.8295	0.06456193	1.386788	1.386788	1.386788	1.386788	1.386788	1.386788	0.02594633
7070	-420.5233	-421.1432	0.6198933	1.096691	1.096691	1.096691	1.096691	1.096691	1.096691	0.02577859
7080	-422.1953	-421.3892	-0.8060604	1.709121	1.709121	1.709121	1.709121	1.709121	1.709121	0.0315782
7090	-421.1111	-421.6153	0.5042552	1.198343	1.198343	1.198343	1.198343	1.198343	1.198343	0.0241378
7100	-423.2499	-422.2829	-0.9669929	1.93569	1.93569	1.93569	1.93569	1.93569	1.93569	0.02284641
7110	-421.2824	-421.677	0.3945943	1.126247	1.126247	1.126247	1.126247	1.126247	1.126247	0.03068338
7120	-421.7868	-420.5514	-1.235457	1.950855	1.950855	1.950855	1.950855	1.950855	1.950855	0.02892809
7130	-420.5074	-421.0072	0.4998132	1.158196	1.158196	1.158196	1.158196	1.158196	1.158196	0.0260932
7140	-422.9345	-420.7724	-2.162162	2.429388	2.429388	2.429388	2.429388	2.429388	2.429388	0.02657092
7150	-420.463	-420.8865	0.423494	1.184831	1.184831	1.184831	1.184831	1.184831	1.184831	0.02682941
7160	-421.9966	-421.0224	-0.9742698	1.897555	1.897555	1.897555	1.897555	1.897555	1.897555	0.02497041
7170	-421.091	-420.6463	-0.444687	1.625289	1.625289	1.625289	1.625289	1.625289	1.625289	0.02629289
7180	-421.1724	-421.5158	0.3433306	1.281434	1.281434	1.281434	1.281434	1.281434	1.281434	0.0242068
7190	-423.4378	-420.7909	-2.646889	2.63233	2.63233	2.63233	2.63233	2.63233	2.63233	0.02840216
7200	-420.8869	-421.2771	0.3902081	1.244201	1.244201	1.244201	1.244201	1.244201	1.244201	0.02481614
7210	-422.1217	-421.4509	-0.6707963	1.644843	1.644843	1.644843	1.644843	1.644843	1.644843	0.03162504
7220	-420.6407	-421.6442	1.0035	0.8199378	0.8199378	0.8199378	0.8199378	0.8199378	0.8199378	0.02554358
7230	-422.0503	-422.9199	0.8695605	0.6171695	0.6171695	0.6171695	0.6171695	0.6171695	0.6171695	0.03036987
7240	-420.4777	-421.2326	0.7548988	0.9629653	0.9629653	0.9629653	0.9629653	0.9629653	0.9629653	0.02776515
7250	-420.7748	-420.6142	-0.16058	1.475878	1.475878	1.475878	1.475878	1.475878	1.475878	0.02707432
7260	-421.0595	-422.0554	0.9959458	0.607579	0.607579	0.607579	0.607579	0.607579	0.607579	0.02657135
7270	-421.2253	-421.0791	-0.1461857	1.508873	1.508873	1.508873	1.508873	1.508873	1.508873	0.02491885
7280	-421.4477	-420.5457	-0.9019506	1.797499	1.797499	1.797499	1.797499	1.797499	1.797499	0.02877647
7290	-420.6286	-421.5981	0.9694395	0.8617477	0.8617477	0.8617477	0.8617477	0.8617477	0.8617477	0.02539095
7300	-420.5488	-421.0127	0.4639118	1.131907	1.131907	1.131907	1.131907	1.131907	1.131907	0.02834497
7310	-421.0725	-420.7086	-0.3638918	1.538669	1.538669	1.538669	1.538669	1.538669	1.538669	0.02910927
7320	-420.6216	-420.6866	0.06495905	1.360559	1.360559	1.360559	1.360559	1.360559	1.360559	0.02734464
7330	-422.1254	-422.9953	0.8698361	1.033172	1.033172	1.033172	1.033172	1.033172	1.033172	0.02228703
7340	-420.8437	-421.9061	1.062399	0.7754625	0.7754625	0.7754625	0.7754625	0.7754625	0.7754625	0.02489417
7350	-420.8966	-420.7555	-0.1410774	1.485586	1.485586	1.485586	1.485586	1.485586	1.485586	0.02602236
7360	-421.4263	-421.988	0.5617283	1.020925	1.020925	1.020925	1.020925	1.020925	1.020925	0.03091595
7370	-421.1352	-420.5978	-0.5374002	1.665054	1.665054	1.665054	1.665054	1.665054	1.665054	0.02651277
7380	-420.7385	-420.6168	-0.1216148	1.45176	1.45176	1.45176	1.45176	1.45176	1.45176	0.02736997
7390	-420.8033	-420.672	-0.1312255	1.471453	1.471453	1.471453	1.471453	1.471453	1.471453	0.0265331
7400	-421.1566	-421.1739	0.01731878	1.33515	1.33515	1.33515	1.33515	1.33515	1.33515	0.03017294
7410	-424.9069	-422.8493	-2.05758	2.254877	2.254877	2.254877	2.254877	2.254877	2.254877	0.03448795
7420	-421.434	-420.4867	-0.9472832	1.843068	1.843068	1.843068	1.843068	1.843068	1.843068	0.02731297
7430	-421.4481	-420.5981	-0.849997	1.813547	1.813547	1.813547	1.813547	1.813547	1.813547	0.02639738
7440	-421.4572	-421.0102	-0.4469978	1.650176	1.650176	1.650176	1.650176	1.650176	1.650176	0.02499889
7450	-422.8628	-423.4762	0.6134213	0.936801	0.936801	0.936801	0.936801	0.936801	0.936801	0.03314537
7460	-421.9876	-421.0032	-0.9844861	1.80578	1.80578	1.80578	1.80578	1.80578	1.80578	0.03070346
7470	-421.5933	-422.3784	0.7850724	1.064669	1.064669	1.064669	1.064669	1.064669	1.064669	0.02305771
7480	-420.5165	-420.8185	0.3020262	1.250651	1.250651	1.250651	1.250651	1.250651	1.250651	0.02677177
7490	-420.4801	-420.836	0.3558802	1.212944	1.212944	1.212944	1.212944	1.212944	1.212944	0.02724661
7500	-420.774	-421.2297	0.4557653	1.117375	1.117375	1.117375	1.117375	1.117375	1.117375	0.02931356
7510	-422.1578	-420.5207	-1.637098	2.160465	2.160465	2.160465	2.160465	2.160465	2.160465	0.02765312
7520	-420.5636	-420.7701	0.2065336	1.280852	1.280852	1.280852	1.280852	1.280852	1.280852	0.02778684
7530	-421.9404	-422.8102	0.8697635	1.026486	1.026486	1.026486	1.026486	1.026486	1.026486	0.02252397
7540	-421.944	-422.7902	0.8462066	0.7623873	0.7623873	0.7623873	0.7623873	0.7623873	0.7623873	0.03113891
7550	-421.505	-420.9563	-0.5487454	1.695648	1.695648	1.695648	1.695648	1.695648	1.695648	0.02512503
7560	-420.8002	-421.2907	0.4905437	1.095405	1.095405	1.095405	1.095405	1.095405	1.095405	0.02940264
7570	-421.4063	-421.1451	-0.2611931	1.466899	1.466899	1.466899	1.466899	1.466899	1.466899	0.03050165
7580	-421.822	-422.0389	0.2168222	1.205236	1.205236	1.205236	1.205236	1.205236	1.205236	0.03176581
7590	-422.2098	-422.0883	-0.121481	1.369837	1.369837	1.369837	1.369837	1.369837	1.369837	0.03233993
7600	-420.5132	-421.2581	0.7449187	0.9635502	0.9635502	0.9635502	0.9635502	0.9635502	0.9635502	0.02802066
7610	-421.7031	-420.4861	-1.216945	1.967297	1.967297	1.967297	1.967297	1.967297	1.967297	0.02741632
7620	-421.1245	-422.0835	0.9589672	0.6501595	0.6501595	0.6501595	0.6501595	0.6501595	0.6501595	0.02824837
7630	-421.9916	-422.0566	0.06492966	1.280468	1.280468	1.280468	1.280468	1.280468	1.280468	0.03203768
7640	-420.6636	-420.7366	0.07298202	1.341555	1.341555	1.341555	1.341555	1.341555	1.341555	0.02817753
7650	-420.9369	-420.5969	-0.3399913	1.540151	1.540151	1.540151	1.540151	1.540151	1.540151	0.0283337
7660	-421.0753	-421.9922	0.9168583	0.7540994	0.7540994	0.7540994	0.7540994	0.7540994	0.7540994	0.0291397
7670	-421.0969	-420.515	-0.5818925	1.660976	1.660976	1.660976	1.660976	1.660976	1.660976	0.02796033
7680	-423.1254	-424.3651	1.239723	0.655586	0.655586	0.655586	0.655586	0.655586	0.655586	0.02137001
7690	-420.8823	-421.8882	1.005889	0.6661559	0.6661559	0.6661559	0.6661559	0.6661559	0.6661559	0.02706746
7700	-421.0598	-420.711	-0.3488014	1.531661	1.531661	1.531661	1.531661	1.531661	1.531661	0.02909716
7710	-420.5394	-421.2082	0.6687565	1.009101	1.009101	1.009101	1.009101	1.009101	1.009101	0.02828728
7720	-420.5443	-421.2108	0.6664837	1.072745	1.072745	1.072745	1.072745	1.072745	1.072745	0.02561672
7730	-420.9255	-421.6209	0.6954112	1.085415	1.085415	1.085415	1.085415	1.085415	1.085415	0.02436462
7740	-420.9191	-421.9711	1.05201	0.6590781	0.6590781	0.6590781	0.6590781	0.6590781	0.6590781	0.02580708
7750	-421.1376	-421.3089	0.1712822	1.361552	1.361552	1.361552	1.361552	1.361552	1.361552	0.02453749
7760	-422.4759	-422.1315	-0.3443751	1.474135	1.474135	1.474135	1.474135	1.474135	1.474135	0.0326548
7770	-421.4117	-421.2485	-0.1632443	1.416917	1.416917	1.416917	1.416917	1.416917	1.416917	0.03064779
7780	-420.4943	-421.3479	0.8535685	0.9415758	0.9415758	0.9415758	0.9415758	0.9415758	0.9415758	0.02590422
7790	-423.9039	-421.0583	-2.845545	2.703176	2.703176	2.703176	2.703176	2.703176	2.703176	0.02999571
7800	-421.075	-421.3578	0.2828472	1.197642	1.197642	1.197642	1.197642	1.197642	1.197642	0.03015909
7810	-420.5044	-421.3621	0.8577339	0.8894001	0.8894001	0.8894001	0.8894001	0.8894001	0.8894001	0.02753684
7820	-420.4501	-420.9123	0.4621707	1.163759	1.163759	1.163759	1.163759	1.163759	1.163759	0.02682327
7830	-427.6175	-425.0147	-2.60279	2.477436	2.477436	2.477436	2.477436	2.477436	2.477436	0.03736611
7840	-420.6446	-420.7516	0.1069533	1.354824	1.354824	1.354824	1.354824	1.354824	1.354824	0.02652343
7850	-421.4843	-420.718	-0.7662723	1.720696	1.720696	1.720696	1.720696	1.720696	1.720696	0.02960644
7860	-420.5978	-421.4566	0.8588787	0.9544552	0.9544552	0.9544552	0.9544552	0.9544552	0.9544552	0.02532063
7870	-420.4871	-421.0169	0.5298175	1.101229	1.101229	1.101229	1.101229	1.101229	1.101229	0.02799058
7880	-420.7727	-421.7567	0.9839672	0.7255907	0.7255907	0.7255907	0.7255907	0.7255907	0.7255907	0.02755883
7890	-421.9414	-420.4999	-1.441527	2.070772	2.070772	2.070772	2.070772	2.070772	2.070772	0.02751767
7900	-421.1827	-421.6335	0.4508223	1.228761	1.228761	1.228761	1.228761	1.228761	1.228761	0.0240519
7910	-421.272	-420.5034	-0.7686886	1.74433	1.74433	1.74433	1.74433	1.74433	1.74433	0.02821797
7920	-421.5216	-420.5084	-1.013261	1.853737	1.853737	1.853737	1.853737	1.853737	1.853737	0.0285169
7930	-421.1707	-422.1399	0.9691986	0.5803127	0.5803127	0.5803127	0.5803127	0.5803127	0.5803127	0.02656844
7940	-420.9339	-420.5684	-0.3655712	1.575136	1.575136	1.575136	1.575136	1.575136	1.575136	0.02700789
7950	-422.3391	-420.5424	-1.796658	2.230463	2.230463	2.230463	2.230463	2.230463	2.230463	0.0279715
7960	-423.6937	-421.5993	-2.094389	2.304694	2.304694	2.304694	2.304694	2.304694	2.304694	0.03222079
7970	-420.5059	-421.0517	0.5457698	1.134398	1.134398	1.134398	1.134398	1.134398	1.134398	0.02600258
7980	-420.8461	-421.5214	0.6753121	1.092111	1.092111	1.092111	1.092111	1.092111	1.092111	0.02457952
7990	-420.8562	-421.2262	0.3699993	1.16101	1.16101	1.16101	1.16101	1.16101	1.16101	0.0295597
8000	-421.113	-420.6919	-0.4211499	1.618051	1.618051	1.618051	1.618051	1.618051	1.618051	0.02607793
8010	-420.6594	-421.3798	0.7204181	0.9629054	0.9629054	0.9629054	0.9629054	0.9629054	0.9629054	0.02874162
8020	-421.1921	-420.792	-0.4000927	1.549047	1.549047	1.549047	1.549047	1.549047	1.549047	0.02953267
8030	-420.6821	-420.7877	0.1055771	1.320428	1.320428	1.320428	1.320428	1.320428	1.320428	0.0284427
8040	-420.4164	-421.0215	0.605117	1.082247	1.082247	1.082247	1.082247	1.082247	1.082247	0.02680936
8050	-421.4915	-420.8418	-0.6496858	1.73704	1.73704	1.73704	1.73704	1.73704	1.73704	0.02544507
8060	-420.5282	-420.9734	0.4452794	1.188092	1.188092	1.188092	1.188092	1.188092	1.188092	0.02609415
8070	-421.9205	-422.0394	0.1189098	1.254326	1.254326	1.254326	1.254326	1.254326	1.254326	0.031926
8080	-421.3721	-420.522	-0.8500346	1.777188	1.777188	1.777188	1.777188	1.777188	1.777188	0.02853366
8090	-421.6063	-421.7397	0.1333989	1.398081	1.398081	1.398081	1.398081	1.398081	1.398081	0.02367188
8100	-420.7069	-420.6363	-0.07063687	1.422763	1.422763	1.422763	1.422763	1.422763	1.422763	0.02760516
8110	-420.6572	-420.7236	0.06638818	1.372875	1.372875	1.372875	1.372875	1.372875	1.372875	0.0266373
8120	-420.8443	-421.9157	1.071417	0.7411745	0.7411745	0.7411745	0.7411745	0.7411745	0.7411745	0.02511235
8130	-422.4955	-422.6809	0.1854002	1.203437	1.203437	1.203437	1.203437	1.203437	1.203437	0.03288987
8140	-420.4276	-421.173	0.7454012	0.9815708	0.9815708	0.9815708	0.9815708	0.9815708	0.9815708	0.02729574
8150	-421.7509	-420.5666	-1.184306	1.965398	1.965398	1.965398	1.965398	1.965398	1.965398	0.02664385
8160	-420.4619	-420.9803	0.5184408	1.112751	1.112751	1.112751	1.112751	1.112751	1.112751	0.02775458
8170	-421.878	-420.5645	-1.313497	2.024333	2.024333	2.024333	2.024333	2.024333	2.024333	0.02673116
8180	-420.6505	-421.6103	0.9597841	0.7800366	0.7800366	0.7800366	0.7800366	0.7800366	0.7800366	0.02750424
8190	-420.8916	-421.3112	0.4196066	1.13086	1.13086	1.13086	1.13086	1.13086	1.13086	0.02968379
8200	-420.9665	-422.0525	1.086029	0.7561339	0.7561339	0.7561339	0.7561339	0.7561339	0.7561339	0.0245796
8210	-421.5495	-421.4769	-0.0726056	1.490143	1.490143	1.490143	1.490143	1.490143	1.490143	0.02407134
8220	-420.8195	-420.9317	0.1121341	1.304404	1.304404	1.304404	1.304404	1.304404	1.304404	0.02916373
8230	-421.2719	-420.5862	-0.6856907	1.694903	1.694903	1.694903	1.694903	1.694903	1.694903	0.02885829
8240	-420.4714	-421.2373	0.7658984	0.9571017	0.9571017	0.9571017	0.9571017	0.9571017	0.9571017	0.02768656
8250	-421.1004	-421.8852	0.7847956	1.042185	1.042185	1.042185	1.042185	1.042185	1.042185	0.02392044
8260	-420.5262	-420.9688	0.4425704	1.189149	1.189149	1.189149	1.189149	1.189149	1.189149	0.02611401
8270	-421.0389	-421.7476	0.7087333	1.084042	1.084042	1.084042	1.084042	1.084042	1.084042	0.02409777
8280	-420.5258	-421.4665	0.9406445	0.8325272	0.8325272	0.8325272	0.8325272	0.8325272	0.8325272	0.02689718
8290	-421.7283	-422.3567	0.6283958	0.9651874	0.9651874	0.9651874	0.9651874	0.9651874	0.9651874	0.03141121
8300	-421.9755	-420.8261	-1.149435	1.968694	1.968694	1.968694	1.968694	1.968694	1.968694	0.02555008
8310	-421.3791	-422.2424	0.8633275	0.7879131	0.7879131	0.7879131	0.7879131	0.7879131	0.7879131	0.03012958
8320	-422.1283	-420.7768	-1.35148	2.058909	2.058909	2.058909	2.058909	2.058909	2.058909	0.02579188
8330	-423.2956	-420.8362	-2.459403	2.569582	2.569582	2.569582	2.569582	2.569582	2.569582	0.02677338
8340	-421.9291	-422.7507	0.8216463	0.7947448	0.7947448	0.7947448	0.7947448	0.7947448	0.7947448	0.03125944
8350	-420.4128	-421.0495	0.6366504	1.055501	1.055501	1.055501	1.055501	1.055501	1.055501	0.02715098
8360	-420.4342	-421.0025	0.5683363	1.108839	1.108839	1.108839	1.108839	1.108839	1.108839	0.02658291
8370	-420.4191	-421.1634	0.7442514	1.000545	1.000545	1.000545	1.000545	1.000545	1.000545	0.02657188
8380	-420.5189	-420.8402	0.3213249	1.22039	1.22039	1.22039	1.22039	1.22039	1.22039	0.02781299
8390	-424.727	-422.3391	-2.387986	2.425172	2.425172	2.425172	2.425172	2.425172	2.425172	0.03359604
8400	-420.843	-421.2093	0.3663068	1.253303	1.253303	1.253303	1.253303	1.253303	1.253303	0.02497776
8410	-421.1245	-420.5043	-0.6202216	1.687502	1.687502	1.687502	1.687502	1.687502	1.687502	0.02745888
8420	-420.7862	-421.4899	0.7037714	1.071765	1.071765	1.071765	1.071765	1.071765	1.071765	0.02471928
8430	-423.4592	-424.0956	0.6364029	0.9018355	0.9018355	0.9018355	0.9018355	0.9018355	0.9018355	0.03385723
8440	-420.5325	-420.9898	0.4573439	1.137767	1.137767	1.137767	1.137767	1.137767	1.137767	0.02823773
8450	-421.1993	-420.5364	-0.6629262	1.691132	1.691132	1.691132	1.691132	1.691132	1.691132	0.02843626
8460	-421.0472	-420.5176	-0.529559	1.64498	1.64498	1.64498	1.64498	1.64498	1.64498	0.02745151
8470	-421.1348	-420.6334	-0.5014765	1.6515	1.6515	1.6515	1.6515	1.6515	1.6515	0.02632445
8480	-421.7814	-422.6696	0.8882873	0.6162811	0.6162811	0.6162811	0.6162811	0.6162811	0.6162811	0.02978783
8490	-421.1873	-420.4998	-0.6875316	1.7104	1.7104	1.7104	1.7104	1.7104	1.7104	0.02797217
8500	-420.8317	-421.5403	0.7086912	0.9566904	0.9566904	0.9566904	0.9566904	0.9566904	0.9566904	0.0293333
8510	-421.2403	-421.0166	-0.2236572	1.5434	1.5434	1.5434	1.5434	1.5434	1.5434	0.02505081
8520	-421.0395	-420.6531	-0.3863684	1.55374	1.55374	1.55374	1.55374	1.55374	1.55374	0.02884457
8530	-422.7002	-422.9404	0.2401475	0.3679999	0.3679999	0.3679999	0.3679999	0.3679999	0.3679999	0.02672483
8540	-420.819	-421.3941	0.5750469	1.043587	1.043587	1.043587	1.043587	1.043587	1.043587	0.02943659
8550	-421.9254	-420.514	-1.41135	2.061163	2.061163	2.061163	2.061163	2.061163	2.061163	0.02725198
8560	-421.843	-421.0178	-0.8252251	1.828109	1.828109	1.828109	1.828109	1.828109	1.828109	0.02496129
8570	-422.2394	-422.3298	0.09046145	1.260293	1.260293	1.260293	1.260293	1.260293	1.260293	0.03247283
8580	-420.9288	-421.8129	0.884062	0.8091259	0.8091259	0.8091259	0.8091259	0.8091259	0.8091259	0.02904488
8590	-425.3246	-423.3447	-1.979888	2.208166	2.208166	2.208166	2.208166	2.208166	2.208166	0.03521686
8600	-420.6488	-421.4492	0.8003213	0.9083056	0.9083056	0.9083056	0.9083056	0.9083056	0.9083056	0.02851309
8610	-421.8446	-422.6219	0.7772472	0.5078957	0.5078957	0.5078957	0.5078957	0.5078957	0.5078957	0.02838718
8620	-420.5382	-420.7633	0.2250938	1.278239	1.278239	1.278239	1.278239	1.278239	1.278239	0.0274147
8630	-420.7314	-421.7781	1.046623	0.7616552	0.7616552	0.7616552	0.7616552	0.7616552	0.7616552	0.02549388
8640	-421.1197	-420.651	-0.4686742	1.590848	1.590848	1.590848	1.590848	1.590848	1.590848	0.02896555
8650	-420.5145	-420.7966	0.2821002	1.247447	1.247447	1.247447	1.247447	1.247447	1.247447	0.02747849
8660	-420.8415	-420.9853	0.1438466	1.35763	1.35763	1.35763	1.35763	1.35763	1.35763	0.02541935
8670	-421.4418	-421.8804	0.4385933	1.094561	1.094561	1.094561	1.094561	1.094561	1.094561	0.03101502
8680	-420.9154	-421.6734	0.7580355	0.9157051	0.9157051	0.9157051	0.9157051	0.9157051	0.9157051	0.02947282
8690	-420.4912	-420.8389	0.3477315	1.211655	1.211655	1.211655	1.211655	1.211655	1.211655	0.0275359
8700	-420.6228	-420.7968	0.1739105	1.323963	1.323963	1.323963	1.323963	1.323963	1.323963	0.02637882
8710	-423.0463	-420.6874	-2.358883	2.499951	2.499951	2.499951	2.499951	2.499951	2.499951	0.02794651
8720	-420.5571	-421.0217	0.4645528	1.130566	1.130566	1.130566	1.130566	1.130566	1.130566	0.02839385
8730	-420.9053	-420.7291	-0.1762814	1.452421	1.452421	1.452421	1.452421	1.452421	1.452421	0.02886854
8740	-420.8532	-421.9047	1.05154	0.67928	0.67928	0.67928	0.67928	0.67928	0.67928	0.02590296
8750	-421.7052	-421.4922	-0.2130624	1.431186	1.431186	1.431186	1.431186	1.431186	1.431186	0.03128631
8760	-421.3068	-420.647	-0.6597509	1.677468	1.677468	1.677468	1.677468	1.677468	1.677468	0.02918267
8770	-422.12	-420.5131	-1.606931	2.138408	2.138408	2.138408	2.138408	2.138408	2.138408	0.02811696
8780	-422.3663	-421.7674	-0.5989736	1.602194	1.602194	1.602194	1.602194	1.602194	1.602194	0.0322155
8790	-420.6138	-420.7147	0.1009675	1.334944	1.334944	1.334944	1.334944	1.334944	1.334944	0.02776304
8800	-421.8865	-423.0405	1.154012	0.7787812	0.7787812	0.7787812	0.7787812	0.7787812	0.7787812	0.02266729
8810	-421.8045	-421.0093	-0.7952363	1.813746	1.813746	1.813746	1.813746	1.813746	1.813746	0.02498007
8820	-421.3647	-420.5089	-0.8557985	1.782022	1.782022	1.782022	1.782022	1.782022	1.782022	0.02840346
8830	-420.6958	-421.6187	0.9228431	0.8032635	0.8032635	0.8032635	0.8032635	0.8032635	0.8032635	0.02807002
8840	-422.8775	-422.0156	-0.8618885	1.879749	1.879749	1.879749	1.879749	1.879749	1.879749	0.02318328
8850	-420.6141	-420.8889	0.2748484	1.278582	1.278582	1.278582	1.278582	1.278582	1.278582	0.0260667
8860	-420.5827	-420.7705	0.1878845	1.287935	1.287935	1.287935	1.287935	1.287935	1.287935	0.02792212
8870	-421.3569	-421.7398	0.3828861	1.269809	1.269809	1.269809	1.269809	1.269809	1.269809	0.0237985
8880	-421.9522	-422.8644	0.9122479	0.9996722	0.9996722	0.9996722	0.9996722	0.9996722	0.9996722	0.02249214
8890	-421.2672	-420.8482	-0.4189992	1.554225	1.554225	1.554225	1.554225	1.554225	1.554225	0.02977101
8900	-421.6744	-421.7166	0.04226369	1.302021	1.302021	1.302021	1.302021	1.302021	1.302021	0.03142098
8910	-421.8542	-421.0807	-0.7735043	1.806847	1.806847	1.806847	1.806847	1.806847	1.806847	0.02480662
8920	-420.9515	-421.8217	0.8701499	0.8202363	0.8202363	0.8202363	0.8202363	0.8202363	0.8202363	0.02917988
8930	-422.5413	-421.4983	-1.042991	1.947912	1.947912	1.947912	1.947912	1.947912	1.947912	0.02401415
8940	-421.1903	-421.6112	0.4208846	1.115184	1.115184	1.115184	1.115184	1.115184	1.115184	0.03046983
8950	-420.8341	-421.2086	0.3744436	1.248792	1.248792	1.248792	1.248792	1.248792	1.248792	0.02499034
8960	-420.4812	-421.0173	0.5360739	1.135729	1.135729	1.135729	1.135729	1.135729	1.135729	0.02619421
8970	-420.7756	-420.9063	0.1306468	1.297726	1.297726	1.297726	1.297726	1.297726	1.297726	0.02900637
8980	-421.0296	-422.0386	1.008986	0.6152917	0.6152917	0.6152917	0.6152917	0.6152917	0.6152917	0.02638236
8990	-422.8057	-423.6405	0.8348276	0.639634	0.639634	0.639634	0.639634	0.639634	0.639634	0.03184935
9000	-422.5461	-421.3184	-1.227712	2.027043	2.027043	2.027043	2.027043	2.027043	2.027043	0.02439213
9010	-421.9364	-420.5774	-1.359059	2.006031	2.006031	2.006031	2.006031	2.006031	2.006031	0.02909224
9020	-420.9863	-421.1943	0.2080019	1.242701	1.242701	1.242701	1.242701	1.242701	1.242701	0.02986128
9030	-426.2153	-426.6413	0.4260326	1.358665	1.358665	1.358665	1.358665	1.358665	1.358665	0.01912982
9040	-420.9907	-421.1165	0.1258693	1.286414	1.286414	1.286414	1.286414	1.286414	1.286414	0.02979674
9050	-420.7316	-420.6204	-0.111131	1.446948	1.446948	1.446948	1.446948	1.446948	1.446948	0.02735423
9060	-420.9992	-421.9769	0.9776746	0.6592184	0.6592184	0.6592184	0.6592184	0.6592184	0.6592184	0.02779954
9070	-421.2787	-420.5922	-0.6865446	1.735885	1.735885	1.735885	1.735885	1.735885	1.735885	0.02646568
9080	-420.4721	-421.3539	0.8818463	0.9091473	0.9091473	0.9091473	0.9091473	0.9091473	0.9091473	0.02625361
9090	-420.9159	-421.3287	0.4128334	1.234655	1.234655	1.234655	1.234655	1.234655	1.234655	0.02470571
9100	-421.83	-420.9293	-0.9007477	1.858981	1.858981	1.858981	1.858981	1.858981	1.858981	0.02519781
9110	-422.1622	-420.5756	-1.586579	2.114792	2.114792	2.114792	2.114792	2.114792	2.114792	0.02896809
9120	-421.1411	-421.9935	0.852336	1.001673	1.001673	1.001673	1.001673	1.001673	1.001673	0.02380921
9130	-420.9531	-420.5853	-0.367751	1.554035	1.554035	1.554035	1.554035	1.554035	1.554035	0.02829497
9140	-420.5363	-421.066	0.5296408	1.146644	1.146644	1.146644	1.146644	1.146644	1.146644	0.02585675
9150	-423.5493	-424.8064	1.25712	0.746748	0.746748	0.746748	0.746748	0.746748	0.746748	0.02080686
9160	-420.9279	-421.8743	0.9463808	0.9197104	0.9197104	0.9197104	0.9197104	0.9197104	0.9197104	0.02429026
9170	-420.8276	-420.6525	-0.1750939	1.460514	1.460514	1.460514	1.460514	1.460514	1.460514	0.02835693
9180	-420.9385	-421.5757	0.6372656	0.9970191	0.9970191	0.9970191	0.9970191	0.9970191	0.9970191	0.02972881
9190	-420.9817	-421.0755	0.09382934	1.303918	1.303918	1.303918	1.303918	1.303918	1.303918	0.0297309
9200	-420.912	-420.6418	-0.2702116	1.538635	1.538635	1.538635	1.538635	1.538635	1.538635	0.02650805
9210	-421.2118	-420.8371	-0.3747136	1.534655	1.534655	1.534655	1.534655	1.534655	1.534655	0.02967446
9220	-420.4565	-421.2201	0.7635307	0.9618881	0.9618881	0.9618881	0.9618881	0.9618881	0.9618881	0.02756805
9230	-421.868	-420.8963	-0.9716572	1.804817	1.804817	1.804817	1.804817	1.804817	1.804817	0.03037457
9240	-420.8286	-421.1681	0.3394687	1.179766	1.179766	1.179766	1.179766	1.179766	1.179766	0.02945371
9250	-422.7191	-420.6658	-2.05327	2.333919	2.333919	2.333919	2.333919	2.333919	2.333919	0.02908408
9260	-421.1292	-420.9696	-0.1595736	1.428262	1.428262	1.428262	1.428262	1.428262	1.428262	0.029835
9270	-420.5152	-420.9182	0.4030447	1.172167	1.172167	1.172167	1.172167	1.172167	1.172167	0.02802585
9280	-421.7713	-420.6285	-1.14276	1.952187	1.952187	1.952187	1.952187	1.952187	1.952187	0.02629209
9290	-421.113	-420.6043	-0.5087258	1.613532	1.613532	1.613532	1.613532	1.613532	1.613532	0.02873819
9300	-421.1415	-421.8367	0.6951776	1.09701	1.09701	1.09701	1.09701	1.09701	1.09701	0.02389613
9310	-422.2514	-420.6243	-1.627155	2.128937	2.128937	2.128937	2.128937	2.128937	2.128937	0.0292743
9320	-420.9051	-421.403	0.4978679	1.084707	1.084707	1.084707	1.084707	1.084707	1.084707	0.02972138
9330	-420.4554	-421.0234	0.5680208	1.114393	1.114393	1.114393	1.114393	1.114393	1.114393	0.026337
9340	-420.4187	-421.1487	0.7299176	0.9947227	0.9947227	0.9947227	0.9947227	0.9947227	0.9947227	0.02719098
9350	-420.8268	-420.7895	-0.03730386	1.384341	1.384341	1.384341	1.384341	1.384341	1.384341	0.02887131
9360	-422.4048	-423.2588	0.8539801	0.6339954	0.6339954	0.6339954	0.6339954	0.6339954	0.6339954	0.03116085
9370	-420.6934	-420.7857	0.0922994	1.367527	1.367527	1.367527	1.367527	1.367527	1.367527	0.02623708
9380	-421.795	-420.8254	-0.9696007	1.807519	1.807519	1.807519	1.807519	1.807519	1.807519	0.03013742
9390	-422.17	-420.7126	-1.457401	2.103269	2.103269	2.103269	2.103269	2.103269	2.103269	0.02608918
9400	-424.309	-425.5892	1.280188	0.6301972	0.6301972	0.6301972	0.6301972	0.6301972	0.6301972	0.02030653
9410	-420.7622	-421.0632	0.3009115	1.279423	1.279423	1.279423	1.279423	1.279423	1.279423	0.02535465
9420	-421.0844	-422.0006	0.9161632	0.7537765	0.7537765	0.7537765	0.7537765	0.7537765	0.7537765	0.02916459
9430	-421.6074	-420.9638	-0.643562	1.651013	1.651013	1.651013	1.651013	1.651013	1.651013	0.03037494
9440	-421.2301	-421.8759	0.6457892	1.128709	1.128709	1.128709	1.128709	1.128709	1.128709	0.02376475
9450	-422.1905	-420.5639	-1.626559	2.135792	2.135792	2.135792	2.135792	2.135792	2.135792	0.028834
9460	-420.5699	-420.7542	0.1842645	1.309496	1.309496	1.309496	1.309496	1.309496	1.309496	0.0268638
9470	-423.885	-421.1054	-2.779543	2.665447	2.665447	2.665447	2.665447	2.665447	2.665447	0.03031523
9480	-421.1386	-421.9708	0.8321574	0.8391571	0.8391571	0.8391571	0.8391571	0.8391571	0.8391571	0.0297938
9490	-428.6789	-425.7834	-2.895548	2.608524	2.608524	2.608524	2.608524	2.608524	2.608524	0.03823526
9500	-421.1237	-420.9503	-0.1733797	1.515261	1.515261	1.515261	1.515261	1.515261	1.515261	0.02526686
9510	-420.814	-421.2188	0.4048763	1.232588	1.232588	1.232588	1.232588	1.232588	1.232588	0.02500092
9520	-421.448	-420.6814	-0.7666387	1.781517	1.781517	1.781517	1.781517	1.781517	1.781517	0.02600866
9530	-420.6422	-421.4986	0.8563833	0.8669675	0.8669675	0.8669675	0.8669675	0.8669675	0.8669675	0.02827314
9540	-420.9941	-421.4928	0.4987068	1.195475	1.195475	1.195475	1.195475	1.195475	1.195475	0.02440148
9550	-420.8091	-421.705	0.8958417	0.811834	0.811834	0.811834	0.811834	0.811834	0.811834	0.02864156
9560	-422.0607	-420.7568	-1.303952	2.03577	2.03577	2.03577	2.03577	2.03577	2.03577	0.02583887
9570	-421.8267	-421.5414	-0.285334	1.463384	1.463384	1.463384	1.463384	1.463384	1.463384	0.03147473
9580	-420.6692	-420.8388	0.1695454	1.331594	1.331594	1.331594	1.331594	1.331594	1.331594	0.02609615
9590	-422.6781	-422.6723	-0.005848479	1.493796	1.493796	1.493796	1.493796	1.493796	1.493796	0.02234658
9600	-421.5524	-420.9468	-0.6056396	1.634445	1.634445	1.634445	1.634445	1.634445	1.634445	0.03029094
9610	-422.2756	-421.8434	-0.4321665	1.674226	1.674226	1.674226	1.674226	1.674226	1.674226	0.02340359
9620	-421.0005	-420.8461	-0.1543897	1.433347	1.433347	1.433347	1.433347	1.433347	1.433347	0.029373
9630	-421.0392	-420.5197	-0.5194914	1.640588	1.640588	1.640588	1.640588	1.640588	1.640588	0.02743098
9640	-420.6498	-420.667	0.01723267	1.383204	1.383204	1.383204	1.383204	1.383204	1.383204	0.02740188
9650	-421.144	-420.5166	-0.627357	1.695937	1.695937	1.695937	1.695937	1.695937	1.695937	0.02716315
9660	-421.6465	-421.7942	0.147672	1.247774	1.247774	1.247774	1.247774	1.247774	1.247774	0.03141254
9670	-421.0684	-420.8884	-0.1799921	1.514762	1.514762	1.514762	1.514762	1.514762	1.514762	0.02546101
9680	-420.6921	-420.6535	-0.03854134	1.404544	1.404544	1.404544	1.404544	1.404544	1.404544	0.0277458
9690	-422.1188	-420.5468	-1.571989	2.111816	2.111816	2.111816	2.111816	2.111816	2.111816	0.02872972
9700	-421.2901	-421.9506	0.6604363	1.123293	1.123293	1.123293	1.123293	1.123293	1.123293	0.02364267
9710	-420.9173	-421.6951	0.7777734	1.035918	1.035918	1.035918	1.035918	1.035918	1.035918	0.0243304
9720	-420.4949	-421.1968	0.7018735	1.045499	1.045499	1.045499	1.045499	1.045499	1.045499	0.02585095
9730	-421.0549	-420.5176	-0.5372743	1.642331	1.642331	1.642331	1.642331	1.642331	1.642331	0.0278201
9740	-420.4278	-421.0903	0.6624933	1.032443	1.032443	1.032443	1.032443	1.032443	1.032443	0.02745361
9750	-420.5486	-420.7522	0.2035693	1.289133	1.289133	1.289133	1.289133	1.289133	1.289133	0.02742337
9760	-421.199	-421.8521	0.6530644	0.9721973	0.9721973	0.9721973	0.9721973	0.9721973	0.9721973	0.03034289
9770	-420.5442	-421.4542	0.9100141	0.8439757	0.8439757	0.8439757	0.8439757	0.8439757	0.8439757	0.02743462
9780	-421.141	-421.4033	0.2622602	1.205801	1.205801	1.205801	1.205801	1.205801	1.205801	0.03032279
9790	-421.6948	-422.3051	0.6102472	1.166241	1.166241	1.166241	1.166241	1.166241	1.166241	0.02302766
9800	-421.9301	-421.1424	-0.787657	1.709523	1.709523	1.709523	1.709523	1.709523	1.709523	0.0309758
9810	-423.989	-425.1289	1.139974	0.9057355	0.9057355	0.9057355	0.9057355	0.9057355	0.9057355	0.02036576
9820	-421.5699	-421.7347	0.1648326	1.382133	1.382133	1.382133	1.382133	1.382133	1.382133	0.02369294
9830	-420.9496	-420.5543	-0.3952353	1.587062	1.587062	1.587062	1.587062	1.587062	1.587062	0.02713043
9840	-421.6988	-421.2702	-0.4285139	1.652835	1.652835	1.652835	1.652835	1.652835	1.652835	0.02440288
9850	-422.3196	-423.501	1.181412	0.6311069	0.6311069	0.6311069	0.6311069	0.6311069	0.6311069	0.02242586
9860	-426.0751	-422.0469	-4.028252	3.280447	3.280447	3.280447	3.280447	3.280447	3.280447	0.03145676
9870	-420.5554	-421.4639	0.9084743	0.9075943	0.9075943	0.9075943	0.9075943	0.9075943	0.9075943	0.02561256
9880	-422.0081	-420.643	-1.365112	2.055569	2.055569	2.055569	2.055569	2.055569	2.055569	0.02633272
9890	-420.5999	-421.5222	0.9223221	0.9032107	0.9032107	0.9032107	0.9032107	0.9032107	0.9032107	0.02539552
9900	-421.758	-420.7509	-1.007049	1.829016	1.829016	1.829016	1.829016	1.829016	1.829016	0.02988057
9910	-421.5875	-422.0884	0.5009473	1.052029	1.052029	1.052029	1.052029	1.052029	1.052029	0.03127279
9920	-420.7413	-421.5124	0.771059	1.027842	1.027842	1.027842	1.027842	1.027842	1.027842	0.02480791
9930	-420.8752	-421.5731	0.6978311	0.9610022	0.9610022	0.9610022	0.9610022	0.9610022	0.9610022	0.02947652
9940	-426.5042	-425.7841	-0.7200661	1.585957	1.585957	1.585957	1.585957	1.585957	1.585957	0.03763059
9950	-421.1915	-422.2983	1.106793	0.766073	0.766073	0.766073	0.766073	0.766073	0.766073	0.02394656
9960	-420.5034	-420.8882	0.3848473	1.185138	1.185138	1.185138	1.185138	1.185138	1.185138	0.02787087
9970	-421.9223	-422.2756	0.3533045	1.126943	1.126943	1.126943	1.126943	1.126943	1.126943	0.03193777
9980	-420.7297	-420.6228	-0.1068507	1.44594	1.44594	1.44594	1.44594	1.44594	1.44594	0.027294
9990	-421.0956	-421.9533	0.8576812	0.818666	0.818666	0.818666	0.818666	0.818666	0.818666	0.02958585
10000	-421.817	-421.2426	-0.5744288	1.607681	1.607681	1.607681	1.607681	1.607681	1.607681	0.03107192
10010	-422.7753	-422.971	0.1956842	0.358396	0.358396	0.358396	0.358396	0.358396	0.358396	0.02611687
10020	-421.4304	-421.966	0.5355972	1.037006	1.037006	1.037006	1.037006	1.037006	1.037006	0.03094396
10030	-420.8647	-420.6928	-0.1718906	1.494935	1.494935	1.494935	1.494935	1.494935	1.494935	0.02632049
10040	-421.9763	-420.5908	-1.385454	2.060019	2.060019	2.060019	2.060019	2.060019	2.060019	0.02662013
10050	-420.7491	-421.7269	0.9777678	0.8732234	0.8732234	0.8732234	0.8732234	0.8732234	0.8732234	0.02487206
10060	-420.9886	-421.9457	0.9571362	0.7074075	0.7074075	0.7074075	0.7074075	0.7074075	0.7074075	0.0284279
10070	-421.4646	-420.473	-0.9915946	1.85714	1.85714	1.85714	1.85714	1.85714	1.85714	0.02770314
10080	-420.8665	-421.4334	0.5669628	1.152836	1.152836	1.152836	1.152836	1.152836	1.152836	0.02463495
10090	-420.9362	-421.8449	0.9087278	0.7825167	0.7825167	0.7825167	0.7825167	0.7825167	0.7825167	0.0288979
10100	-420.8449	-421.915	1.070077	0.7510098	0.7510098	0.7510098	0.7510098	0.7510098	0.7510098	0.02503745
10110	-420.8447	-421.5097	0.6649725	0.9849978	0.9849978	0.9849978	0.9849978	0.9849978	0.9849978	0.02943447
10120	-421.1953	-421.1489	-0.04643602	1.463299	1.463299	1.463299	1.463299	1.463299	1.463299	0.02479054
10130	-421.5527	-421.7549	0.2021955	1.363989	1.363989	1.363989	1.363989	1.363989	1.363989	0.02367439
10140	-420.5723	-421.0211	0.4487867	1.191631	1.191631	1.191631	1.191631	1.191631	1.191631	0.02583356
10150	-422.7154	-420.9295	-1.785831	2.267707	2.267707	2.267707	2.267707	2.267707	2.267707	0.02558059
10160	-422.1652	-422.9847	0.8194685	0.7817808	0.7817808	0.7817808	0.7817808	0.7817808	0.7817808	0.0316113
10170	-422.1428	-422.4459	0.3030659	1.148588	1.148588	1.148588	1.148588	1.148588	1.148588	0.03231956
10180	-420.5088	-421.4489	0.9401162	0.8495742	0.8495742	0.8495742	0.8495742	0.8495742	0.8495742	0.02647457
10190	-420.5071	-421.4322	0.9251293	0.8482559	0.8482559	0.8482559	0.8482559	0.8482559	0.8482559	0.02690961
10200	-421.7796	-421.7492	-0.03042034	1.336069	1.336069	1.336069	1.336069	1.336069	1.336069	0.03159047
10210	-420.9813	-420.9735	-0.007856769	1.434514	1.434514	1.434514	1.434514	1.434514	1.434514	0.02530872
10220	-421.4508	-421.6985	0.2477719	1.20106	1.20106	1.20106	1.20106	1.20106	1.20106	0.03103813
10230	-424.0094	-422.4391	-1.570347	2.219993	2.219993	2.219993	2.219993	2.219993	2.219993	0.02280516
10240	-420.6878	-420.7084	0.02063208	1.368268	1.368268	1.368268	1.368268	1.368268	1.368268	0.02814441
10250	-420.7243	-421.4985	0.7742194	0.9195323	0.9195323	0.9195323	0.9195323	0.9195323	0.9195323	0.02886017
10260	-421.2274	-422.3176	1.090226	0.8016751	0.8016751	0.8016751	0.8016751	0.8016751	0.8016751	0.02377288
10270	-423.006	-420.722	-2.283993	2.444679	2.444679	2.444679	2.444679	2.444679	2.444679	0.02907507
10280	-421.3779	-420.6457	-0.7322148	1.762499	1.762499	1.762499	1.762499	1.762499	1.762499	0.02617135
10290	-426.6358	-425.5876	-1.048202	2.038667	2.038667	2.038667	2.038667	2.038667	2.038667	0.01988465
10300	-421.2092	-420.6922	-0.5170538	1.664206	1.664206	1.664206	1.664206	1.664206	1.664206	0.02602565
10310	-421.0743	-422.1143	1.040003	0.6174793	0.6174793	0.6174793	0.6174793	0.6174793	0.6174793	0.02561617
10320	-422.9191	-420.7443	-2.17477	2.38632	2.38632	2.38632	2.38632	2.38632	2.38632	0.02943325
10330	-420.5031	-420.8032	0.3000585	1.244462	1.244462	1.244462	1.244462	1.244462	1.244462	0.02714375
10340	-420.5138	-421.007	0.4931587	1.119136	1.119136	1.119136	1.119136	1.119136	1.119136	0.0281512
10350	-420.4436	-421.2932	0.8496619	0.9240323	0.9240323	0.9240323	0.9240323	0.9240323	0.9240323	0.02661002
10360	-421.31	-420.5119	-0.7981365	1.778022	1.778022	1.778022	1.778022	1.778022	1.778022	0.02704228
10370	-420.5161	-421.0508	0.5346853	1.09411	1.09411	1.09411	1.09411	1.09411	1.09411	0.02819506
10380	-421.1118	-420.5359	-0.5759194	1.674774	1.674774	1.674774	1.674774	1.674774	1.674774	0.02699025
10390	-421.8082	-420.8655	-0.9426558	1.875132	1.875132	1.875132	1.875132	1.875132	1.875132	0.02538312
10400	-421.0928	-420.5091	-0.5836433	1.664645	1.664645	1.664645	1.664645	1.664645	1.664645	0.02779176
10410	-424.0178	-424.8308	0.8130189	0.432443	0.432443	0.432443	0.432443	0.432443	0.432443	0.02140984
10420	-420.8388	-421.6861	0.8472161	0.8520155	0.8520155	0.8520155	0.8520155	0.8520155	0.8520155	0.02898085
10430	-422.0956	-421.1316	-0.9639223	1.791003	1.791003	1.791003	1.791003	1.791003	1.791003	0.03104459
10440	-422.9039	-421.9699	-0.934059	1.911953	1.911953	1.911953	1.911953	1.911953	1.911953	0.02325827
10450	-420.5906	-420.8224	0.2318077	1.260601	1.260601	1.260601	1.260601	1.260601	1.260601	0.02817585
10460	-421.4626	-420.8438	-0.6188223	1.645771	1.645771	1.645771	1.645771	1.645771	1.645771	0.02996432
10470	-422.428	-423.0756	0.6475766	0.9259432	0.9259432	0.9259432	0.9259432	0.9259432	0.9259432	0.03248956
10480	-420.6495	-421.6275	0.9779623	0.7662608	0.7662608	0.7662608	0.7662608	0.7662608	0.7662608	0.02723626
10490	-421.5525	-422.6927	1.140177	0.656799	0.656799	0.656799	0.656799	0.656799	0.656799	0.02361487
10500	-420.6333	-421.1485	0.5151094	1.163816	1.163816	1.163816	1.163816	1.163816	1.163816	0.02543757
10510	-422.8223	-423.6593	0.8369947	0.6684308	0.6684308	0.6684308	0.6684308	0.6684308	0.6684308	0.03206064
10520	-422.0043	-422.3012	0.296902	1.333685	1.333685	1.333685	1.333685	1.333685	1.333685	0.02288029
10530	-420.6772	-421.5022	0.8250153	0.8867855	0.8867855	0.8867855	0.8867855	0.8867855	0.8867855	0.02853873
10540	-421.0054	-421.2688	0.2634574	1.211667	1.211667	1.211667	1.211667	1.211667	1.211667	0.02995638
10550	-421.5324	-420.732	-0.8004737	1.735409	1.735409	1.735409	1.735409	1.735409	1.735409	0.02968947
10560	-421.3492	-420.6702	-0.6789158	1.684307	1.684307	1.684307	1.684307	1.684307	1.684307	0.02931754
10570	-420.4343	-420.9797	0.5453763	1.120237	1.120237	1.120237	1.120237	1.120237	1.120237	0.02666767
10580	-423.2482	-422.2609	-0.9872447	1.944512	1.944512	1.944512	1.944512	1.944512	1.944512	0.02287789
10590	-422.233	-421.8564	-0.3766476	1.496538	1.496538	1.496538	1.496538	1.496538	1.496538	0.0321937
10600	-420.7821	-421.0064	0.2243195	1.316655	1.316655	1.316655	1.316655	1.316655	1.316655	0.02544724
10610	-421.1225	-420.7028	-0.419696	1.564332	1.564332	1.564332	1.564332	1.564332	1.564332	0.0291656
10620	-422.3206	-422.8273	0.5066737	0.4049581	0.4049581	0.4049581	0.4049581	0.4049581	0.4049581	0.02553056
10630	-421.1839	-421.2001	0.01623872	1.334436	1.334436	1.334436	1.334436	1.334436	1.334436	0.03024844
10640	-421.1519	-420.9605	-0.1913842	1.52465	1.52465	1.52465	1.52465	1.52465	1.52465	0.02522632
10650	-421.3662	-420.4871	-0.8791305	1.797664	1.797664	1.797664	1.797664	1.797664	1.797664	0.02811725
10660	-420.7234	-420.6797	-0.04372227	1.426051	1.426051	1.426051	1.426051	1.426051	1.426051	0.02669191
10670	-421.1029	-422.0683	0.9654248	0.6323989	0.6323989	0.6323989	0.6323989	0.6323989	0.6323989	0.02785162
10680	-421.016	-421.3904	0.374375	1.1498	1.1498	1.1498	1.1498	1.1498	1.1498	0.03002997
10690	-421.5457	-422.4569	0.9111501	0.627678	0.627678	0.627678	0.627678	0.627678	0.627678	0.02932847
10700	-421.8742	-420.4899	-1.384375	2.042265	2.042265	2.042265	2.042265	2.042265	2.042265	0.02761739
10710	-422.3427	-423.3633	1.020576	0.9395195	0.9395195	0.9395195	0.9395195	0.9395195	0.9395195	0.02198019
10720	-420.8857	-420.6208	-0.2648544	1.532976	1.532976	1.532976	1.532976	1.532976	1.532976	0.02668076
10730	-421.0215	-420.7207	-0.3008337	1.561888	1.561888	1.561888	1.561888	1.561888	1.561888	0.02603044
10740	-420.7088	-420.6582	-0.05061351	1.407566	1.407566	1.407566	1.407566	1.407566	1.407566	0.02791054
10750	-422.2685	-423.0213	0.7528049	0.516726	0.516726	0.516726	0.516726	0.516726	0.516726	0.02968496
10760	-421.078	-422.0329	0.9548874	0.6868492	0.6868492	0.6868492	0.6868492	0.6868492	0.6868492	0.02853935
10770	-420.5924	-421.4976	0.9051718	0.8367908	0.8367908	0.8367908	0.8367908	0.8367908	0.8367908	0.02775802
10780	-421.5574	-421.5209	-0.03653641	1.47418	1.47418	1.47418	1.47418	1.47418	1.47418	0.02400014
10790	-422.3948	-420.6183	-1.776522	2.239918	2.239918	2.239918	2.239918	2.239918	2.239918	0.02687232
10800	-421.0773	-421.0876	0.01031536	1.431934	1.431934	1.431934	1.431934	1.431934	1.431934	0.02498481
10810	-420.6845	-420.8149	0.1304673	1.350232	1.350232	1.350232	1.350232	1.350232	1.350232	0.02614634
10820	-420.6677	-421.1413	0.4736135	1.114828	1.114828	1.114828	1.114828	1.114828	1.114828	0.02892269
10830	-420.458	-421.3123	0.85427	0.9299343	0.9299343	0.9299343	0.9299343	0.9299343	0.9299343	0.02628663
10840	-420.7838	-421.3521	0.5683231	1.146987	1.146987	1.146987	1.146987	1.146987	1.146987	0.02486044
10850	-421.0699	-422.0749	1.005069	0.605053	0.605053	0.605053	0.605053	0.605053	0.605053	0.0262751
10860	-423.8898	-424.3527	0.4628549	0.3734985	0.3734985	0.3734985	0.3734985	0.3734985	0.3734985	0.02218695
10870	-421.8053	-422.5327	0.7274147	0.4722792	0.4722792	0.4722792	0.4722792	0.4722792	0.4722792	0.02703763
10880	-420.4875	-421.3121	0.8246802	0.9152887	0.9152887	0.9152887	0.9152887	0.9152887	0.9152887	0.02758702
10890	-420.7778	-420.6121	-0.1657157	1.464841	1.464841	1.464841	1.464841	1.464841	1.464841	0.02784229
10900	-420.7125	-420.8552	0.1426863	1.296606	1.296606	1.296606	1.296606	1.296606	1.296606	0.0287222
10910	-423.9027	-421.4643	-2.438447	2.476636	2.476636	2.476636	2.476636	2.476636	2.476636	0.03175587
10920	-420.6886	-421.7096	1.020997	0.8070056	0.8070056	0.8070056	0.8070056	0.8070056	0.8070056	0.02537097
10930	-420.7489	-421.6625	0.9135404	0.9295418	0.9295418	0.9295418	0.9295418	0.9295418	0.9295418	0.02478653
10940	-422.8499	-424.0436	1.193665	0.8007815	0.8007815	0.8007815	0.8007815	0.8007815	0.8007815	0.02145144
10950	-420.6604	-421.6189	0.9585117	0.7786175	0.7786175	0.7786175	0.7786175	0.7786175	0.7786175	0.02756448
10960	-421.2186	-420.5369	-0.6816827	1.726517	1.726517	1.726517	1.726517	1.726517	1.726517	0.02686922
10970	-421.0139	-421.8027	0.7888548	0.8850746	0.8850746	0.8850746	0.8850746	0.8850746	0.8850746	0.02964767
10980	-420.4613	-420.9229	0.4616188	1.168019	1.168019	1.168019	1.168019	1.168019	1.168019	0.02663158
10990	-420.6343	-421.6185	0.9841764	0.7673743	0.7673743	0.7673743	0.7673743	0.7673743	0.7673743	0.02705032
11000	-421.2257	-421.1567	-0.06899111	1.376682	1.376682	1.376682	1.376682	1.376682	1.376682	0.03026563
11010	-422.7665	-422.737	-0.02949413	1.309346	1.309346	1.309346	1.309346	1.309346	1.309346	0.03327594
11020	-421.3586	-422.3926	1.034069	0.5788842	0.5788842	0.5788842	0.5788842	0.5788842	0.5788842	0.02485785
11030	-421.2429	-421.2805	0.03765349	1.320638	1.320638	1.320638	1.320638	1.320638	1.320638	0.03042914
11040	-421.0389	-421.2061	0.1671307	1.2619	1.2619	1.2619	1.2619	1.2619	1.2619	0.02998332
11050	-422.5475	-421.212	-1.335512	1.959806	1.959806	1.959806	1.959806	1.959806	1.959806	0.03136601
11060	-420.6346	-421.1316	0.4969703	1.103963	1.103963	1.103963	1.103963	1.103963	1.103963	0.02878995
11070	-422.8407	-421.0413	-1.799365	2.279776	2.279776	2.279776	2.279776	2.279776	2.279776	0.02527876
11080	-421.0307	-420.5238	-0.5068697	1.635904	1.635904	1.635904	1.635904	1.635904	1.635904	0.02735737
11090	-421.7755	-422.3784	0.6029012	0.9805028	0.9805028	0.9805028	0.9805028	0.9805028	0.9805028	0.03152498
11100	-422.3395	-422.7914	0.4518749	0.403845	0.403845	0.403845	0.403845	0.403845	0.403845	0.02681163
11110	-420.633	-421.5997	0.9667324	0.8656344	0.8656344	0.8656344	0.8656344	0.8656344	0.8656344	0.0253553
11120	-424.3175	-423.9874	-0.3301296	1.429619	1.429619	1.429619	1.429619	1.429619	1.429619	0.03528503
11130	-420.9505	-421.8665	0.9159473	0.7724195	0.7724195	0.7724195	0.7724195	0.7724195	0.7724195	0.02887433
11140	-422.825	-423.5232	0.6981879	0.5070379	0.5070379	0.5070379	0.5070379	0.5070379	0.5070379	0.0306596
11150	-420.9845	-421.7773	0.792856	1.030664	1.030664	1.030664	1.030664	1.030664	1.030664	0.02416577
11160	-422.8176	-421.9245	-0.8931838	1.733634	1.733634	1.733634	1.733634	1.733634	1.733634	0.03269731
11170	-420.9349	-421.933	0.99817	0.652864	0.652864	0.652864	0.652864	0.652864	0.652864	0.02718651
11180	-421.4454	-420.4734	-0.9719378	1.847883	1.847883	1.847883	1.847883	1.847883	1.847883	0.02770762
11190	-421.7392	-422.8923	1.153124	0.7611898	0.7611898	0.7611898	0.7611898	0.7611898	0.7611898	0.02292408
11200	-420.9299	-422.0058	1.075896	0.6839929	0.6839929	0.6839929	0.6839929	0.6839929	0.6839929	0.02528546
11210	-422.061	-423.2364	1.175401	0.7584881	0.7584881	0.7584881	0.7584881	0.7584881	0.7584881	0.02245106
11220	-421.7599	-422.3531	0.5932198	1.177516	1.177516	1.177516	1.177516	1.177516	1.177516	0.022947
11230	-421.0952	-421.7219	0.6267308	0.9949725	0.9949725	0.9949725	0.9949725	0.9949725	0.9949725	0.0301354
11240	-422.4636	-420.783	-1.680577	2.142161	2.142161	2.142161	2.142161	2.142161	2.142161	0.0300256
11250	-421.227	-420.4961	-0.7309089	1.741304	1.741304	1.741304	1.741304	1.741304	1.741304	0.02734795
11260	-421.8458	-420.4875	-1.358321	2.021587	2.021587	2.021587	2.021587	2.021587	2.021587	0.02812101
11270	-420.5131	-421.4407	0.9276642	0.8762458	0.8762458	0.8762458	0.8762458	0.8762458	0.8762458	0.02606297
11280	-420.9514	-421.9443	0.9929164	0.8816853	0.8816853	0.8816853	0.8816853	0.8816853	0.8816853	0.02426837
11290	-420.727	-421.6457	0.9186826	0.801936	0.801936	0.801936	0.801936	0.801936	0.801936	0.02821599
11300	-420.8285	-421.8795	1.05103	0.6880249	0.6880249	0.6880249	0.6880249	0.6880249	0.6880249	0.02592323
11310	-422.0639	-422.7727	0.7087823	0.8929186	0.8929186	0.8929186	0.8929186	0.8929186	0.8929186	0.03182888
11320	-421.5663	-421.281	-0.2853578	1.585167	1.585167	1.585167	1.585167	1.585167	1.585167	0.02440469
11330	-423.1394	-421.0155	-2.12384	2.3425	2.3425	2.3425	2.3425	2.3425	2.3425	0.0306547
11340	-420.6057	-420.976	0.3703669	1.233221	1.233221	1.233221	1.233221	1.233221	1.233221	0.02584768
11350	-420.5731	-420.8174	0.2443576	1.256035	1.256035	1.256035	1.256035	1.256035	1.256035	0.02806975
11360	-421.5709	-422.1967	0.6258353	0.9733351	0.9733351	0.9733351	0.9733351	0.9733351	0.9733351	0.03112981
11370	-421.4021	-421.8865	0.4844184	1.220844	1.220844	1.220844	1.220844	1.220844	1.220844	0.0236073
11380	-422.3433	-421.3082	-1.03515	1.937519	1.937519	1.937519	1.937519	1.937519	1.937519	0.02436232
11390	-420.4779	-421.3357	0.8578515	0.9338088	0.9338088	0.9338088	0.9338088	0.9338088	0.9338088	0.02606037
11400	-423.1856	-421.8514	-1.334243	1.939239	1.939239	1.939239	1.939239	1.939239	1.939239	0.03273518
11410	-422.6411	-421.7212	-0.9198325	1.898013	1.898013	1.898013	1.898013	1.898013	1.898013	0.02362425
11420	-421.7412	-422.8857	1.144481	0.7784966	0.7784966	0.7784966	0.7784966	0.7784966	0.7784966	0.02288853
11430	-420.6869	-421.3146	0.6276959	1.107852	1.107852	1.107852	1.107852	1.107852	1.107852	0.02509355
11440	-420.8718	-420.562	-0.3098058	1.540369	1.540369	1.540369	1.540369	1.540369	1.540369	0.02747865
11450	-422.4559	-420.7237	-1.732213	2.170958	2.170958	2.170958	2.170958	2.170958	2.170958	0.02974345
11460	-420.6369	-421.2161	0.579177	1.054699	1.054699	1.054699	1.054699	1.054699	1.054699	0.02879465
11470	-420.7668	-420.7297	-0.03707142	1.429669	1.429669	1.429669	1.429669	1.429669	1.429669	0.02631917
11480	-420.5136	-421.3113	0.7977704	0.9865267	0.9865267	0.9865267	0.9865267	0.9865267	0.9865267	0.02571645
11490	-421.3862	-420.5082	-0.8780551	1.792194	1.792194	1.792194	1.792194	1.792194	1.792194	0.02841766
11500	-422.5861	-422.9794	0.3933542	0.3822037	0.3822037	0.3822037	0.3822037	0.3822037	0.3822037	0.02513209
11510	-421.9457	-423.103	1.157263	0.6329107	0.6329107	0.6329107	0.6329107	0.6329107	0.6329107	0.02299601
11520	-420.4665	-421.1564	0.6899022	1.006462	1.006462	1.006462	1.006462	1.006462	1.006462	0.02780665
11530	-421.5371	-421.8994	0.3622919	1.13469	1.13469	1.13469	1.13469	1.13469	1.13469	0.03122309
11540	-421.0512	-421.2414	0.1902403	1.24892	1.24892	1.24892	1.24892	1.24892	1.24892	0.03003749
11550	-421.0046	-421.0318	0.02724685	1.420315	1.420315	1.420315	1.420315	1.420315	1.420315	0.02515671
11560	-426.1832	-426.7325	0.5492362	0.9037579	0.9037579	0.9037579	0.9037579	0.9037579	0.9037579	0.03685518
11570	-422.5534	-420.5868	-1.966553	2.316729	2.316729	2.316729	2.316729	2.316729	2.316729	0.02764696
11580	-422.5703	-420.5916	-1.978663	2.309051	2.309051	2.309051	2.309051	2.309051	2.309051	0.02843835
11590	-420.6892	-420.7026	0.01333615	1.398756	1.398756	1.398756	1.398756	1.398756	1.398756	0.02665504
11600	-421.0083	-420.747	-0.261245	1.544628	1.544628	1.544628	1.544628	1.544628	1.544628	0.02594348
11610	-421.3659	-422.2881	0.9221836	0.5999593	0.5999593	0.5999593	0.5999593	0.5999593	0.5999593	0.0284189
11620	-420.8946	-420.9306	0.03601557	1.339901	1.339901	1.339901	1.339901	1.339901	1.339901	0.02933522
11630	-422.6472	-423.8115	1.164315	0.8248836	0.8248836	0.8248836	0.8248836	0.8248836	0.8248836	0.02165538
11640	-422.9263	-423.679	0.7527108	0.8171748	0.8171748	0.8171748	0.8171748	0.8171748	0.8171748	0.03290207
11650	-420.7646	-421.488	0.7233963	0.9517553	0.9517553	0.9517553	0.9517553	0.9517553	0.9517553	0.02910199
11660	-422.3966	-423.602	1.205405	0.67128	0.67128	0.67128	0.67128	0.67128	0.67128	0.02219032
11670	-421.6479	-421.3303	-0.3176619	1.485769	1.485769	1.485769	1.485769	1.485769	1.485769	0.03103641
11680	-421.7281	-422.3144	0.5862913	0.9932303	0.9932303	0.9932303	0.9932303	0.9932303	0.9932303	0.03146033
11690	-422.5696	-423.0075	0.4379145	1.059203	1.059203	1.059203	1.059203	1.059203	1.059203	0.03292115
11700	-421.4947	-422.3908	0.8961459	0.7292423	0.7292423	0.7292423	0.7292423	0.7292423	0.7292423	0.03005427
11710	-422.1382	-421.6159	-0.5223056	1.571161	1.571161	1.571161	1.571161	1.571161	1.571161	0.03185618
11720	-421.5111	-420.4743	-1.036711	1.873833	1.873833	1.873833	1.873833	1.873833	1.873833	0.02796406
11730	-421.2136	-422.3094	1.09585	0.6438074	0.6438074	0.6438074	0.6438074	0.6438074	0.6438074	0.02457621
11740	-421.2707	-421.4463	0.1756207	1.365474	1.365474	1.365474	1.365474	1.365474	1.365474	0.02423946
11750	-420.8598	-421.9142	1.05437	0.6795492	0.6795492	0.6795492	0.6795492	0.6795492	0.6795492	0.02583023
11760	-420.6576	-421.0455	0.3878333	1.164944	1.164944	1.164944	1.164944	1.164944	1.164944	0.02883127
11770	-421.1466	-421.9906	0.8439722	0.8275329	0.8275329	0.8275329	0.8275329	0.8275329	0.8275329	0.0297621
11780	-420.5296	-421.2215	0.6919716	0.9955783	0.9955783	0.9955783	0.9955783	0.9955783	0.9955783	0.02820667
11790	-422.2494	-421.3922	-0.8571748	1.858038	1.858038	1.858038	1.858038	1.858038	1.858038	0.02417217
11800	-420.9228	-420.8775	-0.04530336	1.447031	1.447031	1.447031	1.447031	1.447031	1.447031	0.0256072
11810	-421.4257	-422.0257	0.5999374	1.161711	1.161711	1.161711	1.161711	1.161711	1.161711	0.02345789
11820	-420.6079	-421.6072	0.9992992	0.8122163	0.8122163	0.8122163	0.8122163	0.8122163	0.8122163	0.02581839
11830	-421.0753	-421.9949	0.9195584	0.7504127	0.7504127	0.7504127	0.7504127	0.7504127	0.7504127	0.02911263
11840	-420.432	-420.9603	0.5283848	1.115795	1.115795	1.115795	1.115795	1.115795	1.115795	0.02733522
11850	-421.9037	-422.5963	0.6925803	0.4655776	0.4655776	0.4655776	0.4655776	0.4655776	0.4655776	0.02739082
11860	-420.9979	-420.7402	-0.2576843	1.488134	1.488134	1.488134	1.488134	1.488134	1.488134	0.02908643
11870	-420.4569	-421.1062	0.6493666	1.033557	1.033557	1.033557	1.033557	1.033557	1.033557	0.02776752
11880	-422.9563	-420.7435	-2.212802	2.405603	2.405603	2.405603	2.405603	2.405603	2.405603	0.02936948
11890	-420.935	-420.5798	-0.3552068	1.549674	1.549674	1.549674	1.549674	1.549674	1.549674	0.02819925
11900	-420.4557	-421.0031	0.5474203	1.125102	1.125102	1.125102	1.125102	1.125102	1.125102	0.02638784
11910	-421.3549	-422.4426	1.087712	0.8197767	0.8197767	0.8197767	0.8197767	0.8197767	0.8197767	0.02348385
11920	-420.6784	-420.6647	-0.01368314	1.405373	1.405373	1.405373	1.405373	1.405373	1.405373	0.02701898
11930	-421.1463	-422.0863	0.939991	0.9406617	0.9406617	0.9406617	0.9406617	0.9406617	0.9406617	0.02378856
11940	-422.0926	-420.5252	-1.567455	2.132439	2.132439	2.132439	2.132439	2.132439	2.132439	0.02737344
11950	-420.5377	-420.8822	0.3444753	1.236885	1.236885	1.236885	1.236885	1.236885	1.236885	0.02634183
11960	-420.9327	-420.6706	-0.2621292	1.53795	1.53795	1.53795	1.53795	1.53795	1.53795	0.02633243
11970	-420.7273	-421.6666	0.9392651	0.782218	0.782218	0.782218	0.782218	0.782218	0.782218	0.02803432
11980	-422.111	-420.6431	-1.467846	2.102558	2.102558	2.102558	2.102558	2.102558	2.102558	0.02640302
11990	-421.5025	-420.5249	-0.9775257	1.864656	1.864656	1.864656	1.864656	1.864656	1.864656	0.02688005
12000	-420.7356	-421.4408	0.7051961	0.9664435	0.9664435	0.9664435	0.9664435	0.9664435	0.9664435	0.02903769
12010	-422.5018	-420.7407	-1.761064	2.244274	2.244274	2.244274	2.244274	2.244274	2.244274	0.02621808
12020	-421.0359	-420.5741	-0.4618434	1.596684	1.596684	1.596684	1.596684	1.596684	1.596684	0.02841612
12030	-420.4674	-420.9263	0.458923	1.170883	1.170883	1.170883	1.170883	1.170883	1.170883	0.02656476
12040	-421.1376	-420.5005	-0.6370484	1.694027	1.694027	1.694027	1.694027	1.694027	1.694027	0.0275395
12050	-420.5399	-420.7868	0.2468162	1.261708	1.261708	1.261708	1.261708	1.261708	1.261708	0.02769704
12060	-420.9253	-421.7512	0.8259049	1.005917	1.005917	1.005917	1.005917	1.005917	1.005917	0.02429083
12070	-420.5655	-420.7389	0.1734127	1.310763	1.310763	1.310763	1.310763	1.310763	1.310763	0.02708926
12080	-420.7823	-421.8417	1.059355	0.7465157	0.7465157	0.7465157	0.7465157	0.7465157	0.7465157	0.02535944
12090	-422.8703	-423.9842	1.113925	0.5499758	0.5499758	0.5499758	0.5499758	0.5499758	0.5499758	0.02204079
12100	-421.7424	-422.5423	0.7999441	0.829152	0.829152	0.829152	0.829152	0.829152	0.829152	0.03105638
12110	-424.7654	-424.7557	-0.009653074	1.539187	1.539187	1.539187	1.539187	1.539187	1.539187	0.02040406
12120	-423.0555	-422.471	-0.5844178	1.577944	1.577944	1.577944	1.577944	1.577944	1.577944	0.03341687
12130	-420.7817	-421.7132	0.9314804	0.780525	0.780525	0.780525	0.780525	0.780525	0.780525	0.02828484
12140	-422.5704	-422.7594	0.1889609	1.199667	1.199667	1.199667	1.199667	1.199667	1.199667	0.03300354
12150	-420.7999	-421.4542	0.6543096	1.101019	1.101019	1.101019	1.101019	1.101019	1.101019	0.02472305
12160	-420.5323	-421.3413	0.8089558	0.9815811	0.9815811	0.9815811	0.9815811	0.9815811	0.9815811	0.02561456
12170	-422.7302	-423.9504	1.220267	0.6585666	0.6585666	0.6585666	0.6585666	0.6585666	0.6585666	0.02180764
12180	-420.7528	-421.7864	1.03358	0.7079114	0.7079114	0.7079114	0.7079114	0.7079114	0.7079114	0.02633354
12190	-421.4834	-422.3636	0.8801983	0.5537619	0.5537619	0.5537619	0.5537619	0.5537619	0.5537619	0.02801231
12200	-420.8754	-421.9516	1.076249	0.7160554	0.7160554	0.7160554	0.7160554	0.7160554	0.7160554	0.02519285
12210	-420.4567	-420.8835	0.4267233	1.180115	1.180115	1.180115	1.180115	1.180115	1.180115	0.02697541
12220	-422.0459	-422.861	0.8150962	0.5476678	0.5476678	0.5476678	0.5476678	0.5476678	0.5476678	0.02960488
12230	-420.8928	-420.9476	0.05485687	1.40103	1.40103	1.40103	1.40103	1.40103	1.40103	0.02545304
12240	-421.7206	-420.616	-1.104618	1.933507	1.933507	1.933507	1.933507	1.933507	1.933507	0.02634004
12250	-420.9086	-420.6238	-0.2848547	1.512227	1.512227	1.512227	1.512227	1.512227	1.512227	0.02842587
12260	-423.6071	-424.8236	1.216499	0.59321	0.59321	0.59321	0.59321	0.59321	0.59321	0.02103806
12270	-421.8463	-421.5634	-0.2828644	1.461512	1.461512	1.461512	1.461512	1.461512	1.461512	0.03151873
12280	-421.6197	-420.6438	-0.9758732	1.87623	1.87623	1.87623	1.87623	1.87623	1.87623	0.02617882
12290	-421.0954	-420.5533	-0.5421632	1.661291	1.661291	1.661291	1.661291	1.661291	1.661291	0.02685326
12300	-420.5641	-420.9597	0.3956439	1.169768	1.169768	1.169768	1.169768	1.169768	1.169768	0.02835755
12310	-421.2366	-421.0058	-0.2308226	1.459311	1.459311	1.459311	1.459311	1.459311	1.459311	0.03005664
12320	-420.9944	-421.7612	0.7667932	1.047273	1.047273	1.047273	1.047273	1.047273	1.047273	0.02415708
12330	-420.5427	-420.7582	0.215531	1.288358	1.288358	1.288358	1.288358	1.288358	1.288358	0.02713833
12340	-422.2933	-420.6413	-1.652063	2.186234	2.186234	2.186234	2.186234	2.186234	2.186234	0.02657848
12350	-420.7208	-421.7152	0.9943774	0.7316851	0.7316851	0.7316851	0.7316851	0.7316851	0.7316851	0.02722017
12360	-420.7757	-421.8209	1.045175	0.7053358	0.7053358	0.7053358	0.7053358	0.7053358	0.7053358	0.02604051
12370	-420.6876	-420.6857	-0.001861921	1.381831	1.381831	1.381831	1.381831	1.381831	1.381831	0.02800776
12380	-421.714	-422.5029	0.7888976	0.50328	0.50328	0.50328	0.50328	0.50328	0.50328	0.02774553
12390	-421.0024	-422.0739	1.071472	0.79645	0.79645	0.79645	0.79645	0.79645	0.79645	0.02431858
12400	-422.1206	-422.6895	0.5689182	0.4269975	0.4269975	0.4269975	0.4269975	0.4269975	0.4269975	0.02668616
12410	-420.5958	-421.4209	0.8251299	0.8967539	0.8967539	0.8967539	0.8967539	0.8967539	0.8967539	0.02820508
12420	-421.5877	-420.4795	-1.10824	1.904403	1.904403	1.904403	1.904403	1.904403	1.904403	0.02813468
12430	-421.0613	-420.6231	-0.4381988	1.619708	1.619708	1.619708	1.619708	1.619708	1.619708	0.02643346
12440	-421.3811	-421.1651	-0.2159699	1.445023	1.445023	1.445023	1.445023	1.445023	1.445023	0.03049834
12450	-421.0642	-420.9391	-0.1250906	1.490849	1.490849	1.490849	1.490849	1.490849	1.490849	0.02533127
12460	-426.9269	-422.12	-4.806939	3.744185	3.744185	3.744185	3.744185	3.744185	3.744185	0.02895313
12470	-420.6178	-421.4258	0.8079873	0.9063728	0.9063728	0.9063728	0.9063728	0.9063728	0.9063728	0.02836239
12480	-422.3326	-421.969	-0.3636123	1.487375	1.487375	1.487375	1.487375	1.487375	1.487375	0.03238764
12490	-420.9941	-421.9699	0.9758508	0.6660842	0.6660842	0.6660842	0.6660842	0.6660842	0.6660842	0.02789247
12500	-421.0275	-420.5566	-0.4708669	1.626477	1.626477	1.626477	1.626477	1.626477	1.626477	0.02692252
12510	-421.0014	-420.5291	-0.4723122	1.619215	1.619215	1.619215	1.619215	1.619215	1.619215	0.02737931
12520	-421.4746	-421.8971	0.4224926	1.254732	1.254732	1.254732	1.254732	1.254732	1.254732	0.02354842
12530	-421.6336	-422.4385	0.8049383	0.5026699	0.5026699	0.5026699	0.5026699	0.5026699	0.5026699	0.02726269
12540	-423.4279	-420.9036	-2.524339	2.605315	2.605315	2.605315	2.605315	2.605315	2.605315	0.02655222
12550	-420.5833	-421.3182	0.7349395	0.9610672	0.9610672	0.9610672	0.9610672	0.9610672	0.9610672	0.02840017
12560	-422.5652	-423.7819	1.216733	0.7199533	0.7199533	0.7199533	0.7199533	0.7199533	0.7199533	0.02187025
12570	-421.1024	-420.5087	-0.5937629	1.668627	1.668627	1.668627	1.668627	1.668627	1.668627	0.02783774
12580	-421.4048	-421.615	0.2102512	1.354675	1.354675	1.354675	1.354675	1.354675	1.354675	0.02392753
12590	-422.0892	-422.9951	0.90597	1.008982	1.008982	1.008982	1.008982	1.008982	1.008982	0.02231767
12600	-421.1081	-420.5333	-0.5748582	1.673712	1.673712	1.673712	1.673712	1.673712	1.673712	0.02702262
12610	-423.1391	-423.0973	-0.04187782	0.3295347	0.3295347	0.3295347	0.3295347	0.3295347	0.3295347	0.02624259
12620	-420.5117	-420.8046	0.2929313	1.25211	1.25211	1.25211	1.25211	1.25211	1.25211	0.02694096
12630	-421.0479	-422.0193	0.9713861	0.650613	0.650613	0.650613	0.650613	0.650613	0.650613	0.02790403
12640	-420.8425	-421.4654	0.6229675	1.01221	1.01221	1.01221	1.01221	1.01221	1.01221	0.02947245
12650	-420.5504	-420.8428	0.2923641	1.231596	1.231596	1.231596	1.231596	1.231596	1.231596	0.02803084
12660	-420.503	-421.4375	0.9345383	0.8544831	0.8544831	0.8544831	0.8544831	0.8544831	0.8544831	0.02649116
12670	-421.3898	-422.2866	0.8967464	0.535844	0.535844	0.535844	0.535844	0.535844	0.535844	0.02672264
12680	-420.533	-420.8528	0.319731	1.218459	1.218459	1.218459	1.218459	1.218459	1.218459	0.02795875
12690	-420.5037	-421.3337	0.8299653	0.9617883	0.9617883	0.9617883	0.9617883	0.9617883	0.9617883	0.02579968
12700	-422.2915	-420.5895	-1.701993	2.202941	2.202941	2.202941	2.202941	2.202941	2.202941	0.02696873
12710	-420.8737	-421.8592	0.9854617	0.8807594	0.8807594	0.8807594	0.8807594	0.8807594	0.8807594	0.02447552
12720	-420.7527	-421.0036	0.2508787	1.30219	1.30219	1.30219	1.30219	1.30219	1.30219	0.02549623
12730	-422.0345	-421.8889	-0.1456451	1.386919	1.386919	1.386919	1.386919	1.386919	1.386919	0.03200753
12740	-420.9008	-420.6027	-0.2981552	1.547107	1.547107	1.547107	1.547107	1.547107	1.547107	0.02677931
12750	-421.7375	-420.5533	-1.184264	1.926731	1.926731	1.926731	1.926731	1.926731	1.926731	0.02894035
12760	-420.8568	-421.4912	0.6344653	1.003951	1.003951	1.003951	1.003951	1.003951	1.003951	0.02950355
12770	-421.1828	-420.9347	-0.2480481	1.470991	1.470991	1.470991	1.470991	1.470991	1.470991	0.02984961
12780	-420.677	-420.6534	-0.02359569	1.400182	1.400182	1.400182	1.400182	1.400182	1.400182	0.02757781
12790	-420.7299	-420.6222	-0.1076341	1.441531	1.441531	1.441531	1.441531	1.441531	1.441531	0.02756414
12800	-420.5272	-421.4192	0.8919988	0.9164378	0.9164378	0.9164378	0.9164378	0.9164378	0.9164378	0.02575389
12810	-420.4593	-421.0438	0.584439	1.073021	1.073021	1.073021	1.073021	1.073021	1.073021	0.02779431
12820	-420.4213	-420.9955	0.5741992	1.100251	1.100251	1.100251	1.100251	1.100251	1.100251	0.02682033
12830	-422.3699	-423.1431	0.7732151	0.822042	0.822042	0.822042	0.822042	0.822042	0.822042	0.03209977
12840	-422.6144	-420.5932	-2.021214	2.332953	2.332953	2.332953	2.332953	2.332953	2.332953	0.02822362
12850	-421.9109	-420.8482	-1.062722	1.849216	1.849216	1.849216	1.849216	1.849216	1.849216	0.03025429
12860	-422.4968	-423.5725	1.075666	0.9026768	0.9026768	0.9026768	0.9026768	0.9026768	0.9026768	0.02179923
12870	-421.0646	-420.77	-0.294682	1.562804	1.562804	1.562804	1.562804	1.562804	1.562804	0.02582104
12880	-421.2333	-420.4878	-0.7454516	1.740995	1.740995	1.740995	1.740995	1.740995	1.740995	0.02776688
12890	-420.4654	-420.944	0.4785895	1.161218	1.161218	1.161218	1.161218	1.161218	1.161218	0.026508
12900	-420.6362	-421.4761	0.8398207	0.8804892	0.8804892	0.8804892	0.8804892	0.8804892	0.8804892	0.02832142
12910	-420.8635	-420.8516	-0.01196485	1.428194	1.428194	1.428194	1.428194	1.428194	1.428194	0.02574429
12920	-420.8377	-420.5741	-0.263597	1.517011	1.517011	1.517011	1.517011	1.517011	1.517011	0.02755153
12930	-420.5629	-420.7407	0.1777904	1.301005	1.301005	1.301005	1.301005	1.301005	1.301005	0.02749333
12940	-423.7309	-420.9639	-2.766947	2.720805	2.720805	2.720805	2.720805	2.720805	2.720805	0.02675616
12950	-421.8774	-422.291	0.4136243	1.093787	1.093787	1.093787	1.093787	1.093787	1.093787	0.03184103
12960	-420.8345	-421.4918	0.6573551	1.101534	1.101534	1.101534	1.101534	1.101534	1.101534	0.02462615
12970	-422.1234	-421.215	-0.9084112	1.875172	1.875172	1.875172	1.875172	1.875172	1.875172	0.02452648
12980	-420.482	-421.1414	0.6594296	1.06866	1.06866	1.06866	1.06866	1.06866	1.06866	0.02597317
12990	-424.1353	-423.5761	-0.559151	0.2866054	0.2866054	0.2866054	0.2866054	0.2866054	0.2866054	0.02808685
13000	-420.9494	-421.9166	0.9671549	0.6999027	0.6999027	0.6999027	0.6999027	0.6999027	0.6999027	0.02817276
13010	-420.9627	-421.531	0.5683438	1.157495	1.157495	1.157495	1.157495	1.157495	1.157495	0.02439574
13020	-423.7479	-421.1704	-2.577497	2.558813	2.558813	2.558813	2.558813	2.558813	2.558813	0.03080321
13030	-421.4384	-421.1971	-0.241337	1.455475	1.455475	1.455475	1.455475	1.455475	1.455475	0.03061565
13040	-420.4402	-420.976	0.5358735	1.107605	1.107605	1.107605	1.107605	1.107605	1.107605	0.02751851
13050	-420.8642	-420.9193	0.05516797	1.3989	1.3989	1.3989	1.3989	1.3989	1.3989	0.02555557
13060	-420.6166	-420.7192	0.1025864	1.350786	1.350786	1.350786	1.350786	1.350786	1.350786	0.02685579
13070	-420.993	-421.8518	0.8588299	0.9884977	0.9884977	0.9884977	0.9884977	0.9884977	0.9884977	0.02412329
13080	-421.0418	-420.5547	-0.4871552	1.634267	1.634267	1.634267	1.634267	1.634267	1.634267	0.02691654
13090	-420.6904	-421.5766	0.8861733	0.8362369	0.8362369	0.8362369	0.8362369	0.8362369	0.8362369	0.02830515
13100	-420.5241	-421.1171	0.5929543	1.057947	1.057947	1.057947	1.057947	1.057947	1.057947	0.02825093
13110	-420.7145	-420.6626	-0.05185883	1.427114	1.427114	1.427114	1.427114	1.427114	1.427114	0.02685144
13120	-420.4226	-421.1931	0.7704437	0.9831878	0.9831878	0.9831878	0.9831878	0.9831878	0.9831878	0.02655813
13130	-425.4919	-425.2214	-0.2704788	1.670627	1.670627	1.670627	1.670627	1.670627	1.670627	0.02006258
13140	-421.1048	-421.5316	0.4268539	1.237238	1.237238	1.237238	1.237238	1.237238	1.237238	0.02424255
13150	-420.9515	-421.2004	0.2489691	1.222398	1.222398	1.222398	1.222398	1.222398	1.222398	0.02978717
13160	-420.5484	-421.3272	0.7788077	0.9358352	0.9358352	0.9358352	0.9358352	0.9358352	0.9358352	0.02812876
13170	-421.7541	-420.6392	-1.114839	1.940197	1.940197	1.940197	1.940197	1.940197	1.940197	0.02623245
13180	-420.7488	-421.6117	0.8628577	0.9674525	0.9674525	0.9674525	0.9674525	0.9674525	0.9674525	0.0247669
13190	-421.2023	-420.9464	-0.2559491	1.555269	1.555269	1.555269	1.555269	1.555269	1.555269	0.02523653
13200	-421.8516	-420.7583	-1.09335	1.868381	1.868381	1.868381	1.868381	1.868381	1.868381	0.02994114
13210	-420.5716	-421.4884	0.9167707	0.9032012	0.9032012	0.9032012	0.9032012	0.9032012	0.9032012	0.02553719
13220	-420.4924	-421.3794	0.8870558	0.8739759	0.8739759	0.8739759	0.8739759	0.8739759	0.8739759	0.02721125
13230	-420.9983	-420.5524	-0.4459069	1.59378	1.59378	1.59378	1.59378	1.59378	1.59378	0.02813888
13240	-421.1049	-420.7268	-0.3781204	1.543657	1.543657	1.543657	1.543657	1.543657	1.543657	0.02921936
13250	-420.6335	-420.9748	0.3413632	1.193437	1.193437	1.193437	1.193437	1.193437	1.193437	0.02866735
13260	-422.4443	-422.4699	0.02560762	1.288718	1.288718	1.288718	1.288718	1.288718	1.288718	0.03279148
13270	-421.0996	-421.5128	0.4132386	1.123713	1.123713	1.123713	1.123713	1.123713	1.123713	0.03025062
13280	-420.8741	-421.9032	1.029071	0.8348109	0.8348109	0.8348109	0.8348109	0.8348109	0.8348109	0.02456885
13290	-420.567	-421.124	0.5570581	1.135633	1.135633	1.135633	1.135633	1.135633	1.135633	0.02565463
13300	-421.517	-421.7161	0.1991434	1.36413	1.36413	1.36413	1.36413	1.36413	1.36413	0.02374
13310	-421.3285	-421.9122	0.5837705	1.011227	1.011227	1.011227	1.011227	1.011227	1.011227	0.0306967
13320	-422.5195	-421.5559	-0.9635965	1.913039	1.913039	1.913039	1.913039	1.913039	1.913039	0.02389987
13330	-421.3168	-420.6218	-0.6949791	1.742816	1.742816	1.742816	1.742816	1.742816	1.742816	0.02629775
13340	-420.6682	-421.6815	1.013333	0.7438644	0.7438644	0.7438644	0.7438644	0.7438644	0.7438644	0.02658439
13350	-421.0804	-422.1743	1.093813	0.7701789	0.7701789	0.7701789	0.7701789	0.7701789	0.7701789	0.02420182
13360	-421.4287	-421.444	0.01525302	1.445746	1.445746	1.445746	1.445746	1.445746	1.445746	0.02416634
13370	-420.919	-420.5995	-0.319478	1.530892	1.530892	1.530892	1.530892	1.530892	1.530892	0.02830186
13380	-420.6463	-421.0011	0.3547412	1.184684	1.184684	1.184684	1.184684	1.184684	1.184684	0.02874668
13390	-422.4619	-421.3529	-1.109017	1.849899	1.849899	1.849899	1.849899	1.849899	1.849899	0.03164152
13400	-420.7451	-421.6002	0.8550861	0.9726209	0.9726209	0.9726209	0.9726209	0.9726209	0.9726209	0.0247775
13410	-424.738	-422.9721	-1.765853	2.324424	2.324424	2.324424	2.324424	2.324424	2.324424	0.02225744
13420	-423.199	-421.605	-1.594024	2.067319	2.067319	2.067319	2.067319	2.067319	2.067319	0.03228757
13430	-421.7039	-420.4809	-1.222968	1.958112	1.958112	1.958112	1.958112	1.958112	1.958112	0.02812905
13440	-420.5682	-421.5316	0.9633548	0.8528234	0.8528234	0.8528234	0.8528234	0.8528234	0.8528234	0.0257821
13450	-420.5075	-420.7986	0.2910425	1.245217	1.245217	1.245217	1.245217	1.245217	1.245217	0.02735014
13460	-420.6907	-420.7812	0.09052409	1.367948	1.367948	1.367948	1.367948	1.367948	1.367948	0.02626146
13470	-420.5622	-421.4796	0.9173709	0.8342518	0.8342518	0.8342518	0.8342518	0.8342518	0.8342518	0.02748663
13480	-420.4471	-421.0313	0.5841919	1.104066	1.104066	1.104066	1.104066	1.104066	1.104066	0.02638057
13490	-420.7305	-420.7994	0.06892652	1.335477	1.335477	1.335477	1.335477	1.335477	1.335477	0.02863663
13500	-420.8288	-420.637	-0.1917836	1.497763	1.497763	1.497763	1.497763	1.497763	1.497763	0.02669189
13510	-420.7212	-420.6738	-0.04736277	1.402811	1.402811	1.402811	1.402811	1.402811	1.402811	0.02809056
13520	-421.9176	-422.5897	0.6720354	0.4533641	0.4533641	0.4533641	0.4533641	0.4533641	0.4533641	0.02678723
13530	-420.9989	-421.0783	0.07942238	1.310589	1.310589	1.310589	1.310589	1.310589	1.310589	0.02976907
13540	-420.9505	-421.2444	0.2939402	1.294373	1.294373	1.294373	1.294373	1.294373	1.294373	0.02479859
13550	-420.862	-420.8701	0.008145453	1.357061	1.357061	1.357061	1.357061	1.357061	1.357061	0.02914704
13560	-420.5988	-421.5447	0.9459588	0.8804988	0.8804988	0.8804988	0.8804988	0.8804988	0.8804988	0.0254692
13570	-421.1109	-421.6674	0.5565158	1.038484	1.038484	1.038484	1.038484	1.038484	1.038484	0.0302323
13580	-420.7692	-421.0935	0.3243019	1.268784	1.268784	1.268784	1.268784	1.268784	1.268784	0.02528442
13590	-420.5824	-420.9814	0.3990646	1.165726	1.165726	1.165726	1.165726	1.165726	1.165726	0.02846892
13600	-421.9302	-420.894	-1.036229	1.920022	1.920022	1.920022	1.920022	1.920022	1.920022	0.02531913
13610	-421.8286	-422.7359	0.9073117	0.5007037	0.5007037	0.5007037	0.5007037	0.5007037	0.5007037	0.02448868
13620	-420.7637	-421.7836	1.019955	0.7024138	0.7024138	0.7024138	0.7024138	0.7024138	0.7024138	0.02671617
13630	-421.519	-422.3894	0.8703963	0.5483241	0.5483241	0.5483241	0.5483241	0.5483241	0.5483241	0.02804259
13640	-422.1833	-422.7277	0.5443269	0.4249934	0.4249934	0.4249934	0.4249934	0.4249934	0.4249934	0.02710547
13650	-425.2917	-422.2475	-3.044195	2.752592	2.752592	2.752592	2.752592	2.752592	2.752592	0.03310939
13660	-421.2657	-421.8213	0.5555745	1.178595	1.178595	1.178595	1.178595	1.178595	1.178595	0.02378032
13670	-420.721	-420.898	0.1770291	1.276947	1.276947	1.276947	1.276947	1.276947	1.276947	0.02883676
13680	-423.796	-420.9014	-2.894589	2.750054	2.750054	2.750054	2.750054	2.750054	2.750054	0.02865502
13690	-427.0258	-422.1591	-4.866646	3.793676	3.793676	3.793676	3.793676	3.793676	3.793676	0.02810639
13700	-420.9303	-421.8856	0.95528	0.7240742	0.7240742	0.7240742	0.7240742	0.7240742	0.7240742	0.02837349
13710	-421.4569	-421.9927	0.5358244	1.035787	1.035787	1.035787	1.035787	1.035787	1.035787	0.03099677
13720	-422.3202	-422.9013	0.5810635	0.9761129	0.9761129	0.9761129	0.9761129	0.9761129	0.9761129	0.03242582
13730	-422.6176	-420.9674	-1.650133	2.117551	2.117551	2.117551	2.117551	2.117551	2.117551	0.03068837
13740	-420.6509	-420.9724	0.321566	1.260715	1.260715	1.260715	1.260715	1.260715	1.260715	0.02575138
13750	-422.939	-423.2443	0.3053321	0.3899405	0.3899405	0.3899405	0.3899405	0.3899405	0.3899405	0.02874327
13760	-422.1797	-422.6887	0.5089745	1.027028	1.027028	1.027028	1.027028	1.027028	1.027028	0.03228237
13770	-420.7351	-420.6435	-0.09157981	1.427322	1.427322	1.427322	1.427322	1.427322	1.427322	0.02792756
13780	-421.1451	-421.5075	0.3624116	1.270907	1.270907	1.270907	1.270907	1.270907	1.270907	0.02423921
13790	-423.4912	-424.2744	0.7831953	0.7486359	0.7486359	0.7486359	0.7486359	0.7486359	0.7486359	0.03339336
13800	-422.5992	-421.2678	-1.331347	1.95583	1.95583	1.95583	1.95583	1.95583	1.95583	0.03150239
13810	-421.3765	-421.1886	-0.1878846	1.534328	1.534328	1.534328	1.534328	1.534328	1.534328	0.02463436
13820	-421.384	-422.3124	0.9284239	0.6468108	0.6468108	0.6468108	0.6468108	0.6468108	0.6468108	0.02908954
13830	-421.2042	-420.7025	-0.5017745	1.657711	1.657711	1.657711	1.657711	1.657711	1.657711	0.02598721
13840	-420.6822	-421.6939	1.011675	0.8204306	0.8204306	0.8204306	0.8204306	0.8204306	0.8204306	0.02532487
13850	-420.8389	-421.8688	1.029913	0.673834	0.673834	0.673834	0.673834	0.673834	0.673834	0.02645586
13860	-421.2401	-422.2448	1.004688	0.576819	0.576819	0.576819	0.576819	0.576819	0.576819	0.02553564
13870	-422.6466	-420.8446	-1.801984	2.270145	2.270145	2.270145	2.270145	2.270145	2.270145	0.02586405
13880	-423.2557	-420.8255	-2.430131	2.555351	2.555351	2.555351	2.555351	2.555351	2.555351	0.02677236
13890	-420.4919	-421.3378	0.8458425	0.9472198	0.9472198	0.9472198	0.9472198	0.9472198	0.9472198	0.02590757
13900	-420.8959	-421.6724	0.7765106	0.9034069	0.9034069	0.9034069	0.9034069	0.9034069	0.9034069	0.02937508
13910	-421.502	-422.5853	1.083306	0.5982053	0.5982053	0.5982053	0.5982053	0.5982053	0.5982053	0.02415093
13920	-422.4746	-422.2148	-0.2598359	1.603442	1.603442	1.603442	1.603442	1.603442	1.603442	0.02288936
13930	-420.9006	-420.8827	-0.01790993	1.368149	1.368149	1.368149	1.368149	1.368149	1.368149	0.02925738
13940	-422.3918	-420.5608	-1.830984	2.253768	2.253768	2.253768	2.253768	2.253768	2.253768	0.02755962
13950	-421.0406	-422.1218	1.08111	0.6591551	0.6591551	0.6591551	0.6591551	0.6591551	0.6591551	0.0250674
13960	-420.948	-421.9406	0.992553	0.654357	0.654357	0.654357	0.654357	0.654357	0.654357	0.0273522
13970	-420.46	-420.9192	0.4591781	1.149871	1.149871	1.149871	1.149871	1.149871	1.149871	0.02758479
13980	-420.432	-421.2234	0.7914475	0.9718251	0.9718251	0.9718251	0.9718251	0.9718251	0.9718251	0.02643556
13990	-420.4258	-421.2294	0.8036287	0.9522299	0.9522299	0.9522299	0.9522299	0.9522299	0.9522299	0.02684084
14000	-420.8395	-420.7647	-0.07483892	1.452856	1.452856	1.452856	1.452856	1.452856	1.452856	0.02606028
14010	-421.482	-422.3964	0.9144162	0.6164992	0.6164992	0.6164992	0.6164992	0.6164992	0.6164992	0.02902406
14020	-420.7844	-421.818	1.033583	0.6946547	0.6946547	0.6946547	0.6946547	0.6946547	0.6946547	0.02637355
14030	-421.1927	-420.583	-0.6097654	1.698195	1.698195	1.698195	1.698195	1.698195	1.698195	0.0265614
14040	-420.4576	-421.0045	0.5469344	1.125757	1.125757	1.125757	1.125757	1.125757	1.125757	0.02637037
14050	-420.4792	-420.9104	0.4311631	1.186475	1.186475	1.186475	1.186475	1.186475	1.186475	0.02654403
14060	-420.7478	-420.6425	-0.1052789	1.432971	1.432971	1.432971	1.432971	1.432971	1.432971	0.02798689
14070	-421.4894	-420.5782	-0.9111813	1.798111	1.798111	1.798111	1.798111	1.798111	1.798111	0.02900528
14080	-422.2257	-421.2467	-0.9789589	1.90914	1.90914	1.90914	1.90914	1.90914	1.90914	0.02447326
14090	-420.5182	-421.4169	0.8987059	0.858608	0.858608	0.858608	0.858608	0.858608	0.858608	0.02734142
14100	-420.8487	-421.8754	1.026677	0.6702827	0.6702827	0.6702827	0.6702827	0.6702827	0.6702827	0.02652901
14110	-421.1498	-421.302	0.1521509	1.370997	1.370997	1.370997	1.370997	1.370997	1.370997	0.02454074
14120	-420.411	-421.0424	0.6314657	1.06197	1.06197	1.06197	1.06197	1.06197	1.06197	0.02700541
14130	-422.7235	-422.1731	-0.5503981	1.56911	1.56911	1.56911	1.56911	1.56911	1.56911	0.03290553
14140	-420.6503	-420.6708	0.02054797	1.385453	1.385453	1.385453	1.385453	1.385453	1.385453	0.02718721
14150	-421.2842	-420.4824	-0.801771	1.768839	1.768839	1.768839	1.768839	1.768839	1.768839	0.0276789
14160	-420.4174	-421.001	0.5835997	1.092691	1.092691	1.092691	1.092691	1.092691	1.092691	0.02691389
14170	-420.4904	-420.8237	0.3332593	1.228694	1.228694	1.228694	1.228694	1.228694	1.228694	0.02705581
14180	-420.5458	-420.807	0.2611395	1.274298	1.274298	1.274298	1.274298	1.274298	1.274298	0.02664702
14190	-420.5114	-420.8768	0.365363	1.222909	1.222909	1.222909	1.222909	1.222909	1.222909	0.02648879
14200	-420.8901	-421.6764	0.7863541	1.028845	1.028845	1.028845	1.028845	1.028845	1.028845	0.02439299
14210	-422.1566	-423.351	1.194426	0.7082142	0.7082142	0.7082142	0.7082142	0.7082142	0.7082142	0.02241985
14220	-421.718	-422.4552	0.7371669	1.09731	1.09731	1.09731	1.09731	1.09731	1.09731	0.02290181
14230	-421.7907	-420.5015	-1.289196	1.983806	1.983806	1.983806	1.983806	1.983806	1.983806	0.02844847
14240	-420.7529	-420.7692	0.01626616	1.362215	1.362215	1.362215	1.362215	1.362215	1.362215	0.02861373
14250	-421.9072	-421.1996	-0.70768	1.670576	1.670576	1.670576	1.670576	1.670576	1.670576	0.03106758
14260	-420.9812	-420.5871	-0.3941154	1.593227	1.593227	1.593227	1.593227	1.593227	1.593227	0.02674982
14270	-422.8635	-422.603	-0.2605117	1.423385	1.423385	1.423385	1.423385	1.423385	1.423385	0.03333492
14280	-420.9512	-420.5678	-0.3834118	1.58427	1.58427	1.58427	1.58427	1.58427	1.58427	0.02696986
14290	-420.6633	-421.5638	0.9004758	0.9304949	0.9304949	0.9304949	0.9304949	0.9304949	0.9304949	0.02508136
14300	-421.1316	-422.2438	1.112192	0.7170456	0.7170456	0.7170456	0.7170456	0.7170456	0.7170456	0.02429783
14310	-421.7848	-420.5167	-1.268104	1.970974	1.970974	1.970974	1.970974	1.970974	1.970974	0.02862939
14320	-420.6995	-420.923	0.2235097	1.25323	1.25323	1.25323	1.25323	1.25323	1.25323	0.02881578
14330	-420.8841	-420.6295	-0.254666	1.498294	1.498294	1.498294	1.498294	1.498294	1.498294	0.02839285
14340	-420.5352	-421.4975	0.9622649	0.8310398	0.8310398	0.8310398	0.8310398	0.8310398	0.8310398	0.02635785
14350	-421.0497	-421.3922	0.3424823	1.276128	1.276128	1.276128	1.276128	1.276128	1.276128	0.02447833
14360	-420.6611	-421.6074	0.9463032	0.7889798	0.7889798	0.7889798	0.7889798	0.7889798	0.7889798	0.02770988
14370	-420.4956	-421.4175	0.9219217	0.8735963	0.8735963	0.8735963	0.8735963	0.8735963	0.8735963	0.02628982
14380	-420.9223	-420.5462	-0.3761188	1.570305	1.570305	1.570305	1.570305	1.570305	1.570305	0.02757329
14390	-421.2898	-420.7775	-0.5122495	1.601048	1.601048	1.601048	1.601048	1.601048	1.601048	0.02961099
14400	-421.6537	-420.5296	-1.124096	1.901708	1.901708	1.901708	1.901708	1.901708	1.901708	0.02874974
14410	-420.6551	-420.6726	0.01759905	1.388546	1.388546	1.388546	1.388546	1.388546	1.388546	0.02709722
14420	-420.916	-421.9958	1.079826	0.7545931	0.7545931	0.7545931	0.7545931	0.7545931	0.7545931	0.02475159
14430	-421.337	-421.4114	0.07440108	1.297531	1.297531	1.297531	1.297531	1.297531	1.297531	0.03069638
14440	-420.424	-421.2187	0.794679	0.9633053	0.9633053	0.9633053	0.9633053	0.9633053	0.9633053	0.02666962
14450	-420.681	-421.0813	0.4002328	1.225514	1.225514	1.225514	1.225514	1.225514	1.225514	0.02545565
14460	-420.7196	-420.7955	0.07582669	1.377458	1.377458	1.377458	1.377458	1.377458	1.377458	0.02614424
14470	-421.2939	-422.3159	1.021914	0.8835504	0.8835504	0.8835504	0.8835504	0.8835504	0.8835504	0.02352497
14480	-421.8455	-422.9233	1.077783	0.8678916	0.8678916	0.8678916	0.8678916	0.8678916	0.8678916	0.02263552
14490	-421.3727	-421.5081	0.1354582	1.26405	1.26405	1.26405	1.26405	1.26405	1.26405	0.03082022
14500	-420.9066	-421.9751	1.068572	0.6803874	0.6803874	0.6803874	0.6803874	0.6803874	0.6803874	0.02546733
14510	-422.4478	-422.9264	0.4785541	0.3967094	0.3967094	0.3967094	0.3967094	0.3967094	0.3967094	0.0251185
14520	-421.3895	-420.4757	-0.9137714	1.821429	1.821429	1.821429	1.821429	1.821429	1.821429	0.02766505
14530	-420.4207	-420.9991	0.5783784	1.097961	1.097961	1.097961	1.097961	1.097961	1.097961	0.02681318
14540	-420.5117	-420.9433	0.4315656	1.155868	1.155868	1.155868	1.155868	1.155868	1.155868	0.02805355
14550	-420.7085	-420.6831	-0.02544039	1.391994	1.391994	1.391994	1.391994	1.391994	1.391994	0.02809194
14560	-423.1074	-421.2975	-1.809906	2.296006	2.296006	2.296006	2.296006	2.296006	2.296006	0.02468956
14570	-420.4174	-421.0118	0.594462	1.088049	1.088049	1.088049	1.088049	1.088049	1.088049	0.02683318
14580	-421.7233	-422.5016	0.7782387	0.4967666	0.4967666	0.4967666	0.4967666	0.4967666	0.4967666	0.02758184
14590	-421.24	-421.4187	0.1786499	1.246496	1.246496	1.246496	1.246496	1.246496	1.246496	0.03052883
14600	-420.5055	-421.2896	0.7841633	0.9945667	0.9945667	0.9945667	0.9945667	0.9945667	0.9945667	0.02576125
14610	-420.9629	-421.938	0.9751363	0.6802929	0.6802929	0.6802929	0.6802929	0.6802929	0.6802929	0.02796144
14620	-420.9712	-421.7151	0.7438372	1.059738	1.059738	1.059738	1.059738	1.059738	1.059738	0.02422342
14630	-423.8821	-422.0185	-1.8636	2.182506	2.182506	2.182506	2.182506	2.182506	2.182506	0.03309998
14640	-421.4353	-420.5932	-0.8421017	1.765109	1.765109	1.765109	1.765109	1.765109	1.765109	0.02904873
14650	-422.0256	-422.7437	0.7181307	0.8870488	0.8870488	0.8870488	0.8870488	0.8870488	0.8870488	0.03174844
14660	-421.6021	-421.2329	-0.3691861	1.51335	1.51335	1.51335	1.51335	1.51335	1.51335	0.03085466
14670	-421.1559	-421.8096	0.6536758	0.9740239	0.9740239	0.9740239	0.9740239	0.9740239	0.9740239	0.03024527
14680	-420.6778	-420.7403	0.06245961	1.377783	1.377783	1.377783	1.377783	1.377783	1.377783	0.02647869
14690	-421.8139	-422.5556	0.741734	0.4647391	0.4647391	0.4647391	0.4647391	0.4647391	0.4647391	0.02600372
14700	-420.6404	-420.6764	0.03603083	1.371551	1.371551	1.371551	1.371551	1.371551	1.371551	0.02753171
14710	-420.4536	-421.2763	0.8226301	0.9258027	0.9258027	0.9258027	0.9258027	0.9258027	0.9258027	0.02727706
14720	-424.9433	-421.3346	-3.608675	3.13829	3.13829	3.13829	3.13829	3.13829	3.13829	0.02716911
14730	-421.2678	-420.6942	-0.5735685	1.69133	1.69133	1.69133	1.69133	1.69133	1.69133	0.02599448
14740	-421.0414	-421.3932	0.3518225	1.161169	1.161169	1.161169	1.161169	1.161169	1.161169	0.0300933
14750	-420.7644	-421.7192	0.9547241	0.7592185	0.7592185	0.7592185	0.7592185	0.7592185	0.7592185	0.02798402
14760	-420.712	-420.7429	0.03092587	1.395259	1.395259	1.395259	1.395259	1.395259	1.395259	0.026377
14770	-421.9753	-421.3794	-0.5958528	1.612688	1.612688	1.612688	1.612688	1.612688	1.612688	0.03141043
14780	-420.9022	-421.4083	0.5060179	1.080055	1.080055	1.080055	1.080055	1.080055	1.080055	0.0297112
14790	-421.4063	-421.1151	-0.2912114	1.482118	1.482118	1.482118	1.482118	1.482118	1.482118	0.03045605
14800	-420.6406	-421.6589	1.018303	0.7690199	0.7690199	0.7690199	0.7690199	0.7690199	0.7690199	0.02611786
14810	-421.2054	-422.189	0.9836219	0.5744865	0.5744865	0.5744865	0.5744865	0.5744865	0.5744865	0.02600447
14820	-420.5497	-420.7991	0.249365	1.257544	1.257544	1.257544	1.257544	1.257544	1.257544	0.0278487
14830	-421.8667	-420.6739	-1.192837	1.919996	1.919996	1.919996	1.919996	1.919996	1.919996	0.02961328
14840	-421.7163	-421.5897	-0.1265674	1.520463	1.520463	1.520463	1.520463	1.520463	1.520463	0.02385087
14850	-420.7596	-421.1982	0.4386244	1.128227	1.128227	1.128227	1.128227	1.128227	1.128227	0.0292598
14860	-420.6796	-421.1461	0.4665467	1.117985	1.117985	1.117985	1.117985	1.117985	1.117985	0.02896842
14870	-421.574	-421.4063	-0.1677015	1.412914	1.412914	1.412914	1.412914	1.412914	1.412914	0.03103727
14880	-421.9375	-420.5243	-1.413191	2.063933	2.063933	2.063933	2.063933	2.063933	2.063933	0.02714148
14890	-421.11	-420.7766	-0.3334528	1.582157	1.582157	1.582157	1.582157	1.582157	1.582157	0.02577013
14900	-421.9076	-421.3146	-0.593013	1.613627	1.613627	1.613627	1.613627	1.613627	1.613627	0.03125917
14910	-422.8639	-421.6711	-1.192823	1.878756	1.878756	1.878756	1.878756	1.878756	1.878756	0.03234609
14920	-420.4876	-421.3788	0.8912618	0.8734013	0.8734013	0.8734013	0.8734013	0.8734013	0.8734013	0.02711415
14930	-421.5329	-422.3968	0.8638526	0.543254	0.543254	0.543254	0.543254	0.543254	0.543254	0.02798593
14940	-423.6666	-421.1511	-2.515467	2.528737	2.528737	2.528737	2.528737	2.528737	2.528737	0.03079897
14950	-424.6179	-424.7611	0.1431393	1.182951	1.182951	1.182951	1.182951	1.182951	1.182951	0.0356343
14960	-421.3621	-421.9057	0.5436569	1.034887	1.034887	1.034887	1.034887	1.034887	1.034887	0.03079876
14970	-420.5696	-421.478	0.9083378	0.839121	0.839121	0.839121	0.839121	0.839121	0.839121	0.02760934
14980	-422.7271	-423.6347	0.9076031	0.4751607	0.4751607	0.4751607	0.4751607	0.4751607	0.4751607	0.02278485
14990	-421.2881	-420.9235	-0.364591	1.606361	1.606361	1.606361	1.606361	1.606361	1.606361	0.0252609
15000	-421.4682	-420.5473	-0.9208559	1.841197	1.841197	1.841197	1.841197	1.841197	1.841197	0.02670734
15010	-420.8793	-421.0207	0.1414584	1.36123	1.36123	1.36123	1.36123	1.36123	1.36123	0.02529667
15020	-420.5295	-420.7908	0.2612532	1.269753	1.269753	1.269753	1.269753	1.269753	1.269753	0.02687948
15030	-421.6273	-422.4398	0.8125037	0.492338	0.492338	0.492338	0.492338	0.492338	0.492338	0.0263404
15040	-420.4846	-421.3954	0.9107739	0.8812163	0.8812163	0.8812163	0.8812163	0.8812163	0.8812163	0.02635996
15050	-421.6247	-422.5589	0.9342326	0.5191784	0.5191784	0.5191784	0.5191784	0.5191784	0.5191784	0.02489259
15060	-420.9252	-420.7286	-0.1966491	1.461617	1.461617	1.461617	1.461617	1.461617	1.461617	0.02890888
15070	-421.1649	-421.1769	0.01206015	1.3375	1.3375	1.3375	1.3375	1.3375	1.3375	0.0301905
15080	-422.5934	-423.4301	0.8367652	0.6148295	0.6148295	0.6148295	0.6148295	0.6148295	0.6148295	0.03133019
15090	-420.883	-421.7106	0.8275633	0.8642921	0.8642921	0.8642921	0.8642921	0.8642921	0.8642921	0.02918294
15100	-420.5986	-421.3598	0.7611739	0.941575	0.941575	0.941575	0.941575	0.941575	0.941575	0.02841172
15110	-424.0923	-425.201	1.108671	0.9335383	0.9335383	0.9335383	0.9335383	0.9335383	0.9335383	0.02028641
15120	-421.4121	-420.6436	-0.7685464	1.779411	1.779411	1.779411	1.779411	1.779411	1.779411	0.02617599
15130	-421.342	-422.1998	0.8578254	0.7973105	0.7973105	0.7973105	0.7973105	0.7973105	0.7973105	0.03009168
15140	-421.0664	-420.5138	-0.5526087	1.650369	1.650369	1.650369	1.650369	1.650369	1.650369	0.02777213
15150	-420.9381	-421.8231	0.885085	0.80709	0.80709	0.80709	0.80709	0.80709	0.80709	0.02906257
15160	-420.4998	-420.8469	0.3471285	1.228006	1.228006	1.228006	1.228006	1.228006	1.228006	0.02671791
15170	-420.6363	-421.4568	0.8205453	0.9861747	0.9861747	0.9861747	0.9861747	0.9861747	0.9861747	0.02515035
15180	-421.7736	-422.4688	0.6952094	0.9156949	0.9156949	0.9156949	0.9156949	0.9156949	0.9156949	0.03138429
15190	-422.3475	-421.7778	-0.5696481	1.588344	1.588344	1.588344	1.588344	1.588344	1.588344	0.03221283
15200	-420.4328	-421.1624	0.7296213	0.9894208	0.9894208	0.9894208	0.9894208	0.9894208	0.9894208	0.02741329
15210	-420.565	-420.8579	0.2928475	1.264175	1.264175	1.264175	1.264175	1.264175	1.264175	0.02632555
15220	-420.5315	-421.4637	0.9322347	0.8779989	0.8779989	0.8779989	0.8779989	0.8779989	0.8779989	0.02589358
15230	-421.1129	-421.1666	0.05369633	1.414264	1.414264	1.414264	1.414264	1.414264	1.414264	0.02480477
15240	-421.4439	-422.0746	0.6307268	0.9755243	0.9755243	0.9755243	0.9755243	0.9755243	0.9755243	0.03088088
15250	-421.6628	-422.4518	0.788999	0.4895168	0.4895168	0.4895168	0.4895168	0.4895168	0.4895168	0.0267591
15260	-420.7139	-421.1171	0.4032167	1.226583	1.226583	1.226583	1.226583	1.226583	1.226583	0.02532863
15270	-420.8174	-420.7622	-0.05511614	1.442517	1.442517	1.442517	1.442517	1.442517	1.442517	0.02610094
15280	-421.741	-422.5058	0.764815	0.4894901	0.4894901	0.4894901	0.4894901	0.4894901	0.4894901	0.0274121
15290	-421.605	-420.9225	-0.6824299	1.6708	1.6708	1.6708	1.6708	1.6708	1.6708	0.03027854
15300	-422.5658	-423.001	0.4351727	1.060949	1.060949	1.060949	1.060949	1.060949	1.060949	0.03291745
15310	-421.5529	-421.2869	-0.2659827	1.57613	1.57613	1.57613	1.57613	1.57613	1.57613	0.02439668
15320	-420.5092	-420.9358	0.4265998	1.159197	1.159197	1.159197	1.159197	1.159197	1.159197	0.02802462
15330	-420.4353	-420.9877	0.5524046	1.117177	1.117177	1.117177	1.117177	1.117177	1.117177	0.02662245
15340	-421.6982	-420.7269	-0.9712903	1.880168	1.880168	1.880168	1.880168	1.880168	1.880168	0.02584032
15350	-421.5507	-422.2294	0.6787413	1.123809	1.123809	1.123809	1.123809	1.123809	1.123809	0.02319291
15360	-420.7156	-420.9139	0.1983351	1.323272	1.323272	1.323272	1.323272	1.323272	1.323272	0.02577758
15370	-420.5119	-421.4297	0.9177911	0.8493155	0.8493155	0.8493155	0.8493155	0.8493155	0.8493155	0.02707925
15380	-420.6551	-420.9898	0.3347414	1.254877	1.254877	1.254877	1.254877	1.254877	1.254877	0.02570107
15390	-422.0448	-422.243	0.1982223	1.208595	1.208595	1.208595	1.208595	1.208595	1.208595	0.03216
15400	-421.191	-420.5642	-0.6267998	1.671032	1.671032	1.671032	1.671032	1.671032	1.671032	0.028626
15410	-422.7647	-422.6348	-0.1299713	1.360377	1.360377	1.360377	1.360377	1.360377	1.360377	0.03324202
15420	-420.6882	-420.8106	0.1224004	1.310318	1.310318	1.310318	1.310318	1.310318	1.310318	0.02853198
15430	-422.9235	-420.8672	-2.056302	2.318106	2.318106	2.318106	2.318106	2.318106	2.318106	0.03015571
15440	-421.5041	-421.3851	-0.1189738	1.390753	1.390753	1.390753	1.390753	1.390753	1.390753	0.03092398
15450	-420.9292	-422.0147	1.085446	0.7157893	0.7157893	0.7157893	0.7157893	0.7157893	0.7157893	0.02496374
15460	-420.7298	-420.6525	-0.0772625	1.439057	1.439057	1.439057	1.439057	1.439057	1.439057	0.02687583
15470	-420.893	-421.9391	1.046086	0.8156637	0.8156637	0.8156637	0.8156637	0.8156637	0.8156637	0.02456776
15480	-420.4721	-421.2229	0.7508255	0.9666752	0.9666752	0.9666752	0.9666752	0.9666752	0.9666752	0.02773342
15490	-420.9818	-421.9204	0.9385506	0.7385633	0.7385633	0.7385633	0.7385633	0.7385633	0.7385633	0.02871063
15500	-420.58	-421.3398	0.759866	1.020158	1.020158	1.020158	1.020158	1.020158	1.020158	0.02538917
15510	-421.0264	-422.0866	1.060247	0.6402636	0.6402636	0.6402636	0.6402636	0.6402636	0.6402636	0.02542869
15520	-420.6075	-421.1077	0.5002007	1.169192	1.169192	1.169192	1.169192	1.169192	1.169192	0.02556909
15530	-422.0589	-420.5048	-1.554187	2.114801	2.114801	2.114801	2.114801	2.114801	2.114801	0.02804424
15540	-420.4136	-421.1246	0.7110433	1.008907	1.008907	1.008907	1.008907	1.008907	1.008907	0.02712403
15550	-420.949	-421.8931	0.9440518	0.7367017	0.7367017	0.7367017	0.7367017	0.7367017	0.7367017	0.0285735
15560	-422.062	-420.6541	-1.407893	2.076085	2.076085	2.076085	2.076085	2.076085	2.076085	0.02630809
15570	-421.9274	-422.5826	0.6551466	0.9387154	0.9387154	0.9387154	0.9387154	0.9387154	0.9387154	0.03171027
15580	-421.0359	-421.5622	0.5263664	1.183298	1.183298	1.183298	1.183298	1.183298	1.183298	0.02427492
15590	-420.6089	-421.6125	1.003613	0.8016046	0.8016046	0.8016046	0.8016046	0.8016046	0.8016046	0.02592513
15600	-421.8483	-421.088	-0.7603536	1.801031	1.801031	1.801031	1.801031	1.801031	1.801031	0.02478906
15610	-420.9215	-421.9117	0.9901913	0.6690408	0.6690408	0.6690408	0.6690408	0.6690408	0.6690408	0.02750953
15620	-420.4929	-421.3935	0.9005693	0.8662295	0.8662295	0.8662295	0.8662295	0.8662295	0.8662295	0.02707243
15630	-420.6495	-420.7137	0.06415814	1.34935	1.34935	1.34935	1.34935	1.34935	1.34935	0.02798815
15640	-422.7723	-421.6798	-1.092469	1.83215	1.83215	1.83215	1.83215	1.83215	1.83215	0.0323275
15650	-421.6906	-421.2692	-0.4214328	1.536129	1.536129	1.536129	1.536129	1.536129	1.536129	0.03099787
15660	-421.4985	-422.6056	1.107061	0.6190456	0.6190456	0.6190456	0.6190456	0.6190456	0.6190456	0.02398043
15670	-421.7868	-421.0195	-0.7673828	1.705286	1.705286	1.705286	1.705286	1.705286	1.705286	0.03062955
15680	-420.4391	-421.2794	0.8403247	0.9263091	0.9263091	0.9263091	0.9263091	0.9263091	0.9263091	0.02678118
15690	-420.6005	-421.492	0.8915608	0.8458719	0.8458719	0.8458719	0.8458719	0.8458719	0.8458719	0.02789382
15700	-420.7278	-421.6963	0.9685337	0.7531573	0.7531573	0.7531573	0.7531573	0.7531573	0.7531573	0.02768489
15710	-421.2709	-420.5673	-0.7035637	1.705065	1.705065	1.705065	1.705065	1.705065	1.705065	0.02874938
15720	-420.8293	-421.6596	0.8302304	0.8670378	0.8670378	0.8670378	0.8670378	0.8670378	0.8670378	0.02902013
15730	-422.2262	-420.5342	-1.691991	2.174485	2.174485	2.174485	2.174485	2.174485	2.174485	0.02835817
15740	-421.6168	-421.4849	-0.1319051	1.393228	1.393228	1.393228	1.393228	1.393228	1.393228	0.03116963
15750	-420.9778	-420.5646	-0.4131494	1.577291	1.577291	1.577291	1.577291	1.577291	1.577291	0.02819566
15760	-421.0361	-422.0144	0.978245	0.6368684	0.6368684	0.6368684	0.6368684	0.6368684	0.6368684	0.02755865
15770	-422.4761	-422.958	0.4819101	0.4204846	0.4204846	0.4204846	0.4204846	0.4204846	0.4204846	0.02825916
15780	-422.8317	-420.8967	-1.935017	2.257395	2.257395	2.257395	2.257395	2.257395	2.257395	0.03034829
15790	-420.4538	-421.3062	0.852434	0.9296145	0.9296145	0.9296145	0.9296145	0.9296145	0.9296145	0.02634589
15800	-421.1326	-420.5006	-0.6319949	1.68901	1.68901	1.68901	1.68901	1.68901	1.68901	0.02769501
15810	-420.5452	-420.9812	0.4359496	1.148667	1.148667	1.148667	1.148667	1.148667	1.148667	0.02829394
15820	-420.9972	-420.9	-0.0972139	1.47457	1.47457	1.47457	1.47457	1.47457	1.47457	0.02548088
15830	-420.8983	-420.7993	-0.09899044	1.411497	1.411497	1.411497	1.411497	1.411497	1.411497	0.02906017
15840	-422.6258	-420.6711	-1.954657	2.283952	2.283952	2.283952	2.283952	2.283952	2.283952	0.02926734
15850	-420.4212	-421.0956	0.6743787	1.027396	1.027396	1.027396	1.027396	1.027396	1.027396	0.02734519
15860	-422.6379	-420.839	-1.798892	2.195273	2.195273	2.195273	2.195273	2.195273	2.195273	0.03019872
15870	-422.277	-423.4779	1.200967	0.6848796	0.6848796	0.6848796	0.6848796	0.6848796	0.6848796	0.02231324
15880	-420.4196	-420.9975	0.5779002	1.097282	1.097282	1.097282	1.097282	1.097282	1.097282	0.0268571
15890	-422.0795	-422.1566	0.07710434	1.271631	1.271631	1.271631	1.271631	1.271631	1.271631	0.0321972
15900	-420.9126	-420.5698	-0.3428103	1.563504	1.563504	1.563504	1.563504	1.563504	1.563504	0.02705429
15910	-421.4033	-422.3038	0.900414	0.564838	0.564838	0.564838	0.564838	0.564838	0.564838	0.02790362
15920	-421.9293	-422.7054	0.7760743	0.5129923	0.5129923	0.5129923	0.5129923	0.5129923	0.5129923	0.02876018
15930	-421.3121	-422.2531	0.9409991	0.9499652	0.9499652	0.9499652	0.9499652	0.9499652	0.9499652	0.02346825
15940	-420.9357	-420.9462	0.01050865	1.350736	1.350736	1.350736	1.350736	1.350736	1.350736	0.02944895
15950	-421.1233	-420.7409	-0.3823444	1.603214	1.603214	1.603214	1.603214	1.603214	1.603214	0.02588501
15960	-420.4424	-420.9744	0.5320376	1.129412	1.129412	1.129412	1.129412	1.129412	1.129412	0.02659486
15970	-420.7668	-421.7763	1.009447	0.8415881	0.8415881	0.8415881	0.8415881	0.8415881	0.8415881	0.02489543
15980	-421.1201	-422.0993	0.9792334	0.5929953	0.5929953	0.5929953	0.5929953	0.5929953	0.5929953	0.0266659
15990	-421.1442	-420.8393	-0.3049425	1.502648	1.502648	1.502648	1.502648	1.502648	1.502648	0.02958745
16000	-421.2421	-422.1571	0.9149989	0.964711	0.964711	0.964711	0.964711	0.964711	0.964711	0.02359965
16010	-421.0742	-421.2296	0.1554581	1.266372	1.266372	1.266372	1.266372	1.266372	1.266372	0.03007487
16020	-421.371	-420.6499	-0.7211094	1.705092	1.705092	1.705092	1.705092	1.705092	1.705092	0.02925656
16030	-421.5784	-421.0263	-0.5521777	1.700691	1.700691	1.700691	1.700691	1.700691	1.700691	0.02494196
16040	-420.7976	-421.8076	1.010025	0.694118	0.694118	0.694118	0.694118	0.694118	0.694118	0.02700309
16050	-421.8252	-421.7745	-0.05073118	1.489991	1.489991	1.489991	1.489991	1.489991	1.489991	0.02355796
16060	-420.623	-420.7605	0.1374398	1.310473	1.310473	1.310473	1.310473	1.310473	1.310473	0.02809749
16070	-420.8102	-421.8215	1.011223	0.6888227	0.6888227	0.6888227	0.6888227	0.6888227	0.6888227	0.02697578
16080	-420.5919	-420.8511	0.259167	1.244654	1.244654	1.244654	1.244654	1.244654	1.244654	0.02826636
16090	-420.5114	-421.2097	0.6982925	1.049974	1.049974	1.049974	1.049974	1.049974	1.049974	0.02575747
16100	-421.9204	-420.6047	-1.315739	1.982952	1.982952	1.982952	1.982952	1.982952	1.982952	0.02926705
16110	-420.667	-420.7621	0.09509327	1.362991	1.362991	1.362991	1.362991	1.362991	1.362991	0.02640362
16120	-420.9472	-421.0628	0.1156428	1.377157	1.377157	1.377157	1.377157	1.377157	1.377157	0.02513898
16130	-420.457	-421.2857	0.8287502	0.9209708	0.9209708	0.9209708	0.9209708	0.9209708	0.9209708	0.02727871
16140	-420.5738	-420.918	0.3442344	1.241989	1.241989	1.241989	1.241989	1.241989	1.241989	0.02609352
16150	-421.4897	-420.5903	-0.8994599	1.791569	1.791569	1.791569	1.791569	1.791569	1.791569	0.02907131
16160	-420.4873	-421.174	0.6867492	1.053441	1.053441	1.053441	1.053441	1.053441	1.053441	0.02591078
16170	-420.9926	-420.5872	-0.4053781	1.598893	1.598893	1.598893	1.598893	1.598893	1.598893	0.02673106
16180	-421.5208	-422.5802	1.059484	0.8644727	0.8644727	0.8644727	0.8644727	0.8644727	0.8644727	0.0231379
16190	-424.1255	-424.415	0.2894999	1.110847	1.110847	1.110847	1.110847	1.110847	1.110847	0.03501009
16200	-420.8928	-421.4438	0.5510089	1.162803	1.162803	1.162803	1.162803	1.162803	1.162803	0.02458562
16210	-420.4136	-421.0717	0.6581631	1.041162	1.041162	1.041162	1.041162	1.041162	1.041162	0.02719405
16220	-420.575	-420.9557	0.3807029	1.177109	1.177109	1.177109	1.177109	1.177109	1.177109	0.0284017
16230	-423.3541	-423.5826	0.2284979	1.400466	1.400466	1.400466	1.400466	1.400466	1.400466	0.02142033
16240	-422.3942	-423.2517	0.8575538	0.6494435	0.6494435	0.6494435	0.6494435	0.6494435	0.6494435	0.03125571
16250	-421.0032	-420.7434	-0.2598423	1.488857	1.488857	1.488857	1.488857	1.488857	1.488857	0.02910554
16260	-420.6413	-421.6294	0.9881022	0.7626913	0.7626913	0.7626913	0.7626913	0.7626913	0.7626913	0.02701513
16270	-421.7175	-422.349	0.6315656	1.155641	1.155641	1.155641	1.155641	1.155641	1.155641	0.0229777
16280	-421.4173	-420.579	-0.8383109	1.764797	1.764797	1.764797	1.764797	1.764797	1.764797	0.02895812
16290	-421.5959	-421.9669	0.370933	1.284566	1.284566	1.284566	1.284566	1.284566	1.284566	0.0234047
16300	-422.1834	-422.8244	0.6410522	0.9392606	0.9392606	0.9392606	0.9392606	0.9392606	0.9392606	0.03213707
16310	-420.8397	-421.3217	0.4820548	1.097882	1.097882	1.097882	1.097882	1.097882	1.097882	0.02952838
16320	-421.1431	-420.542	-0.6011508	1.688301	1.688301	1.688301	1.688301	1.688301	1.688301	0.02689441
16330	-421.06	-420.5222	-0.5378157	1.640414	1.640414	1.640414	1.640414	1.640414	1.640414	0.02794861
16340	-420.7245	-420.9895	0.2650056	1.228242	1.228242	1.228242	1.228242	1.228242	1.228242	0.02899174
16350	-420.6214	-420.6883	0.06685805	1.357407	1.357407	1.357407	1.357407	1.357407	1.357407	0.02746594
16360	-421.0489	-420.5999	-0.4490611	1.622268	1.622268	1.622268	1.622268	1.622268	1.622268	0.0265777
16370	-421.6172	-422.2792	0.6620101	0.9465284	0.9465284	0.9465284	0.9465284	0.9465284	0.9465284	0.03116524
16380	-420.5116	-420.8956	0.3839757	1.214562	1.214562	1.214562	1.214562	1.214562	1.214562	0.02641153
16390	-420.6823	-421.1316	0.4493189	1.127738	1.127738	1.127738	1.127738	1.127738	1.127738	0.02897346
16400	-420.9524	-420.5585	-0.393896	1.570593	1.570593	1.570593	1.570593	1.570593	1.570593	0.0280508
16410	-421.7863	-422.0867	0.3003616	1.160802	1.160802	1.160802	1.160802	1.160802	1.160802	0.03170342
16420	-421.4027	-422.2273	0.8245857	1.032542	1.032542	1.032542	1.032542	1.032542	1.032542	0.02334189
16430	-420.9171	-421.9501	1.03301	0.649578	0.649578	0.649578	0.649578	0.649578	0.649578	0.02622708
16440	-422.361	-422.8766	0.5155995	0.4260466	0.4260466	0.4260466	0.4260466	0.4260466	0.4260466	0.02802815
16450	-420.8424	-421.8308	0.9883109	0.6997713	0.6997713	0.6997713	0.6997713	0.6997713	0.6997713	0.02758337
16460	-421.3706	-420.9137	-0.4569645	1.649929	1.649929	1.649929	1.649929	1.649929	1.649929	0.02526255
16470	-425.004	-421.3431	-3.660832	3.126188	3.126188	3.126188	3.126188	3.126188	3.126188	0.02930269
16480	-424.0918	-421.9564	-2.13549	2.471466	2.471466	2.471466	2.471466	2.471466	2.471466	0.02370834
16490	-421.9174	-421.2836	-0.6338052	1.633512	1.633512	1.633512	1.633512	1.633512	1.633512	0.0312179
16500	-422.0721	-422.1207	0.04856779	1.286672	1.286672	1.286672	1.286672	1.286672	1.286672	0.03217525
16510	-420.5195	-420.8054	0.2859005	1.257591	1.257591	1.257591	1.257591	1.257591	1.257591	0.02684719
16520	-421.516	-422.3787	0.8627651	0.7765956	0.7765956	0.7765956	0.7765956	0.7765956	0.7765956	0.03037314
16530	-421.487	-421.0327	-0.4542414	1.654703	1.654703	1.654703	1.654703	1.654703	1.654703	0.02493972
16540	-420.6364	-421.3756	0.7391884	0.9524957	0.9524957	0.9524957	0.9524957	0.9524957	0.9524957	0.02861699
16550	-423.2273	-422.7127	-0.5146105	1.735887	1.735887	1.735887	1.735887	1.735887	1.735887	0.02228492
16560	-420.8914	-420.5565	-0.3349025	1.553269	1.553269	1.553269	1.553269	1.553269	1.553269	0.02742473
16570	-425.2619	-421.4075	-3.854391	3.247722	3.247722	3.247722	3.247722	3.247722	3.247722	0.0281411
16580	-420.5227	-420.8532	0.3305277	1.21398	1.21398	1.21398	1.21398	1.21398	1.21398	0.02789199
16590	-421.2255	-422.1753	0.9497999	0.9382679	0.9382679	0.9382679	0.9382679	0.9382679	0.9382679	0.02363152
16600	-421.3268	-420.4974	-0.8294486	1.78984	1.78984	1.78984	1.78984	1.78984	1.78984	0.02720607
16610	-421.9295	-422.8134	0.8839126	0.6801827	0.6801827	0.6801827	0.6801827	0.6801827	0.6801827	0.03063194
16620	-420.5477	-421.4776	0.9298876	0.8297092	0.8297092	0.8297092	0.8297092	0.8297092	0.8297092	0.02725823
16630	-420.4261	-421.1403	0.714259	1.023603	1.023603	1.023603	1.023603	1.023603	1.023603	0.02643214
16640	-421.0401	-421.2639	0.2237375	1.231452	1.231452	1.231452	1.231452	1.231452	1.231452	0.03003024
16650	-421.4492	-420.4828	-0.9664395	1.850885	1.850885	1.850885	1.850885	1.850885	1.850885	0.02737914
16660	-420.9683	-421.9455	0.9771224	0.6741034	0.6741034	0.6741034	0.6741034	0.6741034	0.6741034	0.02789086
16670	-420.8263	-420.6092	-0.2171441	1.505902	1.505902	1.505902	1.505902	1.505902	1.505902	0.02691743
16680	-420.4145	-421.1636	0.7490399	0.9931304	0.9931304	0.9931304	0.9931304	0.9931304	0.9931304	0.0267391
16690	-421.9221	-420.6644	-1.257674	1.950869	1.950869	1.950869	1.950869	1.950869	1.950869	0.0295771
16700	-421.5579	-421.2293	-0.3286321	1.494708	1.494708	1.494708	1.494708	1.494708	1.494708	0.03080141
16710	-420.8025	-421.775	0.9724495	0.7306356	0.7306356	0.7306356	0.7306356	0.7306356	0.7306356	0.02783353
16720	-420.9127	-421.8843	0.9715584	0.897244	0.897244	0.897244	0.897244	0.897244	0.897244	0.02434902
16730	-421.1207	-421.6384	0.5176801	1.191873	1.191873	1.191873	1.191873	1.191873	1.191873	0.02410294
16740	-421.9572	-423.1171	1.159887	0.6354327	0.6354327	0.6354327	0.6354327	0.6354327	0.6354327	0.02296511
16750	-420.9525	-420.65	-0.3024739	1.516698	1.516698	1.516698	1.516698	1.516698	1.516698	0.02866244
16760	-420.5869	-421.3643	0.7773844	1.009657	1.009657	1.009657	1.009657	1.009657	1.009657	0.02535402
16770	-422.0671	-421.4871	-0.5800895	1.732184	1.732184	1.732184	1.732184	1.732184	1.732184	0.02398176
16780	-420.8303	-420.638	-0.1922747	1.498184	1.498184	1.498184	1.498184	1.498184	1.498184	0.0266816
16790	-423.4717	-421.0919	-2.379781	2.464288	2.464288	2.464288	2.464288	2.464288	2.464288	0.03072241
16800	-423.4694	-423.1935	-0.2758904	1.418309	1.418309	1.418309	1.418309	1.418309	1.418309	0.0342047
16810	-421.01	-421.512	0.5020008	1.07653	1.07653	1.07653	1.07653	1.07653	1.07653	0.03000701
16820	-420.8005	-421.1311	0.3306224	1.267869	1.267869	1.267869	1.267869	1.267869	1.267869	0.02516955
16830	-420.5746	-420.8047	0.2301639	1.292707	1.292707	1.292707	1.292707	1.292707	1.292707	0.02651793
16840	-420.5312	-421.4777	0.9465111	0.8276901	0.8276901	0.8276901	0.8276901	0.8276901	0.8276901	0.02685778
16850	-421.8916	-420.5623	-1.32938	2.031313	2.031313	2.031313	2.031313	2.031313	2.031313	0.02675753
16860	-421.7883	-421.1205	-0.6678146	1.759214	1.759214	1.759214	1.759214	1.759214	1.759214	0.02471195
16870	-422.1975	-422.8248	0.6272912	0.9485175	0.9485175	0.9485175	0.9485175	0.9485175	0.9485175	0.03217938
16880	-420.4106	-421.1281	0.7174951	1.008432	1.008432	1.008432	1.008432	1.008432	1.008432	0.02696907
16890	-421.6833	-420.4861	-1.197268	1.9584	1.9584	1.9584	1.9584	1.9584	1.9584	0.02739845
16900	-421.5928	-420.6228	-0.9700128	1.820999	1.820999	1.820999	1.820999	1.820999	1.820999	0.02929249
16910	-420.5163	-420.7956	0.2792859	1.248625	1.248625	1.248625	1.248625	1.248625	1.248625	0.02749395
16920	-420.9188	-420.7838	-0.1350552	1.429115	1.429115	1.429115	1.429115	1.429115	1.429115	0.0290616
16930	-421.2633	-420.5278	-0.7354944	1.724816	1.724816	1.724816	1.724816	1.724816	1.724816	0.02845781
16940	-422.4638	-423.1147	0.650868	0.9222767	0.9222767	0.9222767	0.9222767	0.9222767	0.9222767	0.03253532
16950	-420.5843	-421.2821	0.697885	0.9853301	0.9853301	0.9853301	0.9853301	0.9853301	0.9853301	0.02846764
16960	-421.4587	-421.1192	-0.3394495	1.504251	1.504251	1.504251	1.504251	1.504251	1.504251	0.03052418
16970	-421.0754	-420.893	-0.1823311	1.443165	1.443165	1.443165	1.443165	1.443165	1.443165	0.02960238
16980	-420.6508	-421.4585	0.8077169	0.9026883	0.9026883	0.9026883	0.9026883	0.9026883	0.9026883	0.02849731
16990	-425.9396	-421.9823	-3.957323	3.244372	3.244372	3.244372	3.244372	3.244372	3.244372	0.03139258
17000	-421.7907	-422.4846	0.6938988	0.9159417	0.9159417	0.9159417	0.9159417	0.9159417	0.9159417	0.03141572
17010	-421.9524	-422.6092	0.6568049	0.4508532	0.4508532	0.4508532	0.4508532	0.4508532	0.4508532	0.02694644
17020	-420.7699	-421.6338	0.8639009	0.8451615	0.8451615	0.8451615	0.8451615	0.8451615	0.8451615	0.0286961
17030	-421.2748	-422.2103	0.9355098	0.6017397	0.6017397	0.6017397	0.6017397	0.6017397	0.6017397	0.0280874
17040	-421.2835	-421.3978	0.1143276	1.39444	1.39444	1.39444	1.39444	1.39444	1.39444	0.02430668
17050	-420.6523	-421.6754	1.023094	0.7664585	0.7664585	0.7664585	0.7664585	0.7664585	0.7664585	0.02603145
17060	-422.4805	-420.6103	-1.87011	2.280509	2.280509	2.280509	2.280509	2.280509	2.280509	0.02709008
17070	-420.4178	-421.1691	0.7512638	0.9946049	0.9946049	0.9946049	0.9946049	0.9946049	0.9946049	0.02662137
17080	-420.8225	-421.1768	0.3542944	1.171876	1.171876	1.171876	1.171876	1.171876	1.171876	0.02944156
17090	-420.5784	-421.5231	0.9447438	0.8106877	0.8106877	0.8106877	0.8106877	0.8106877	0.8106877	0.0273002
17100	-421.3821	-420.5484	-0.8336746	1.800445	1.800445	1.800445	1.800445	1.800445	1.800445	0.02670838
17110	-420.5195	-420.8415	0.3220418	1.219822	1.219822	1.219822	1.219822	1.219822	1.219822	0.0278228
17120	-421.2556	-422.2	0.9443775	0.5615469	0.5615469	0.5615469	0.5615469	0.5615469	0.5615469	0.02657944
17130	-420.6976	-420.7067	0.009136251	1.373396	1.373396	1.373396	1.373396	1.373396	1.373396	0.02817726
17140	-420.6142	-420.7503	0.1361635	1.337898	1.337898	1.337898	1.337898	1.337898	1.337898	0.02664578
17150	-421.92	-423.018	1.097987	0.5799941	0.5799941	0.5799941	0.5799941	0.5799941	0.5799941	0.02334921
17160	-422.7052	-421.0668	-1.638414	2.206582	2.206582	2.206582	2.206582	2.206582	2.206582	0.02511333
17170	-421.2277	-420.7532	-0.4744935	1.585466	1.585466	1.585466	1.585466	1.585466	1.585466	0.02946726
17180	-424.0323	-421.1416	-2.890667	2.792341	2.792341	2.792341	2.792341	2.792341	2.792341	0.02621421
17190	-421.4025	-422.3146	0.9121347	0.5869221	0.5869221	0.5869221	0.5869221	0.5869221	0.5869221	0.02833777
17200	-420.5837	-421.5766	0.9928559	0.8052636	0.8052636	0.8052636	0.8052636	0.8052636	0.8052636	0.02613109
17210	-420.4792	-421.0657	0.5865127	1.108865	1.108865	1.108865	1.108865	1.108865	1.108865	0.0261029
17220	-420.7534	-420.6968	-0.05659094	1.403005	1.403005	1.403005	1.403005	1.403005	1.403005	0.02833977
17230	-420.5913	-421.354	0.7627394	0.9413545	0.9413545	0.9413545	0.9413545	0.9413545	0.9413545	0.02837564
17240	-421.018	-421.4303	0.4123134	1.128226	1.128226	1.128226	1.128226	1.128226	1.128226	0.03003995
17250	-421.0918	-421.4635	0.3716691	1.147625	1.147625	1.147625	1.147625	1.147625	1.147625	0.0302287
17260	-420.8106	-421.3007	0.4900521	1.095023	1.095023	1.095023	1.095023	1.095023	1.095023	0.02943622
17270	-420.9391	-421.6065	0.6674171	0.9772419	0.9772419	0.9772419	0.9772419	0.9772419	0.9772419	0.02969494
17280	-421.0954	-420.7096	-0.3857791	1.548468	1.548468	1.548468	1.548468	1.548468	1.548468	0.02914834
17290	-422.0649	-422.0897	0.02486122	1.463005	1.463005	1.463005	1.463005	1.463005	1.463005	0.02309862
17300	-420.4171	-421.0952	0.6780329	1.026875	1.026875	1.026875	1.026875	1.026875	1.026875	0.02726768
17310	-423.3211	-421.057	-2.264117	2.409009	2.409009	2.409009	2.409009	2.409009	2.409009	0.03069731
17320	-421.9462	-420.5475	-1.39868	2.028319	2.028319	2.028319	2.028319	2.028319	2.028319	0.02886141
17330	-421.8841	-420.5098	-1.374387	2.043777	2.043777	2.043777	2.043777	2.043777	2.043777	0.02725488
17340	-421.2291	-421.2311	0.002024607	1.339775	1.339775	1.339775	1.339775	1.339775	1.339775	0.03035708
17350	-420.9321	-420.9929	0.06076107	1.324348	1.324348	1.324348	1.324348	1.324348	1.324348	0.02951647
17360	-421.1577	-422.2721	1.114355	0.7271278	0.7271278	0.7271278	0.7271278	0.7271278	0.7271278	0.02417857
17370	-422.2524	-422.7516	0.4991766	0.4100803	0.4100803	0.4100803	0.4100803	0.4100803	0.4100803	0.02640762
17380	-421.7286	-420.7653	-0.9632995	1.878931	1.878931	1.878931	1.878931	1.878931	1.878931	0.02570265
17390	-420.9762	-421.2744	0.2982031	1.293719	1.293719	1.293719	1.293719	1.293719	1.293719	0.02472473
17400	-421.8547	-422.8851	1.030432	0.9098866	0.9098866	0.9098866	0.9098866	0.9098866	0.9098866	0.02260808
17410	-420.925	-420.5931	-0.3318699	1.537293	1.537293	1.537293	1.537293	1.537293	1.537293	0.02827331
17420	-421.174	-421.9988	0.824786	0.8431361	0.8431361	0.8431361	0.8431361	0.8431361	0.8431361	0.02989973
17430	-420.4405	-420.9877	0.5471518	1.100419	1.100419	1.100419	1.100419	1.100419	1.100419	0.02754775
17440	-420.8791	-421.0422	0.1630899	1.351358	1.351358	1.351358	1.351358	1.351358	1.351358	0.02525018
17450	-420.5435	-421.3475	0.8039794	0.9192291	0.9192291	0.9192291	0.9192291	0.9192291	0.9192291	0.02802471
17460	-420.5085	-420.8015	0.2930195	1.25034	1.25034	1.25034	1.25034	1.25034	1.25034	0.02703007
17470	-420.9415	-422.0292	1.08763	0.719451	0.719451	0.719451	0.719451	0.719451	0.719451	0.02488733
17480	-420.5072	-420.8304	0.3232157	1.222273	1.222273	1.222273	1.222273	1.222273	1.222273	0.02766219
17490	-420.6918	-421.0027	0.3109258	1.269292	1.269292	1.269292	1.269292	1.269292	1.269292	0.02559974
17500	-420.9732	-421.8752	0.9019689	0.9570556	0.9570556	0.9570556	0.9570556	0.9570556	0.9570556	0.02416585
17510	-423.1565	-421.1812	-1.975241	2.36789	2.36789	2.36789	2.36789	2.36789	2.36789	0.02505516
17520	-420.6381	-420.9131	0.2750136	1.230345	1.230345	1.230345	1.230345	1.230345	1.230345	0.02858907
17530	-424.0596	-424.3397	0.2800848	0.3997741	0.3997741	0.3997741	0.3997741	0.3997741	0.3997741	0.0311518
17540	-421.0869	-422.1469	1.059957	0.628769	0.628769	0.628769	0.628769	0.628769	0.628769	0.02528917
17550	-420.9191	-421.6561	0.7370271	1.060715	1.060715	1.060715	1.060715	1.060715	1.060715	0.02434999
17560	-420.6855	-420.7977	0.1122272	1.358156	1.358156	1.358156	1.358156	1.358156	1.358156	0.02620825
17570	-421.4003	-422.4297	1.029388	0.8842833	0.8842833	0.8842833	0.8842833	0.8842833	0.8842833	0.02333033
17580	-421.339	-421.3268	-0.01214166	1.342425	1.342425	1.342425	1.342425	1.342425	1.342425	0.03062796
17590	-420.4968	-420.8186	0.3218101	1.227488	1.227488	1.227488	1.227488	1.227488	1.227488	0.02742988
17600	-422.5075	-421.8109	-0.696645	1.646077	1.646077	1.646077	1.646077	1.646077	1.646077	0.03236832
17610	-420.9713	-421.0673	0.0959998	1.303352	1.303352	1.303352	1.303352	1.303352	1.303352	0.02969943
17620	-420.533	-421.1643	0.6312561	1.033337	1.033337	1.033337	1.033337	1.033337	1.033337	0.02828482
17630	-421.8494	-422.9031	1.053714	0.5573883	0.5573883	0.5573883	0.5573883	0.5573883	0.5573883	0.02368124
17640	-422.194	-420.5212	-1.672796	2.171077	2.171077	2.171077	2.171077	2.171077	2.171077	0.0280206
17650	-420.5487	-420.8192	0.2704163	1.271099	1.271099	1.271099	1.271099	1.271099	1.271099	0.02656506
17660	-422.7786	-422.4117	-0.3669889	1.477937	1.477937	1.477937	1.477937	1.477937	1.477937	0.03313961
17670	-421.2337	-422.0757	0.8420558	1.013312	1.013312	1.013312	1.013312	1.013312	1.013312	0.02363384
17680	-420.5868	-420.9166	0.3298349	1.250232	1.250232	1.250232	1.250232	1.250232	1.250232	0.02605844
17690	-420.5157	-421.3273	0.8116434	0.977152	0.977152	0.977152	0.977152	0.977152	0.977152	0.02570999
17700	-421.8684	-422.7187	0.8502935	0.5672774	0.5672774	0.5672774	0.5672774	0.5672774	0.5672774	0.02943611
17710	-420.463	-421.2802	0.8172257	0.962497	0.962497	0.962497	0.962497	0.962497	0.962497	0.02610457
17720	-420.5823	-421.4857	0.9033845	0.8401738	0.8401738	0.8401738	0.8401738	0.8401738	0.8401738	0.02771859
17730	-421.1907	-420.6281	-0.5626454	1.635266	1.635266	1.635266	1.635266	1.635266	1.635266	0.02896576
17740	-420.5073	-421.222	0.7147177	0.9840356	0.9840356	0.9840356	0.9840356	0.9840356	0.9840356	0.02804544
17750	-420.7559	-421.8042	1.048287	0.7207807	0.7207807	0.7207807	0.7207807	0.7207807	0.7207807	0.02587707
17760	-421.3572	-422.1846	0.8273453	1.028713	1.028713	1.028713	1.028713	1.028713	1.028713	0.02341814
17770	-420.763	-420.7012	-0.06180646	1.439058	1.439058	1.439058	1.439058	1.439058	1.439058	0.0264636
17780	-426.2255	-422.6615	-3.564042	3.185593	3.185593	3.185593	3.185593	3.185593	3.185593	0.02371529
17790	-421.6358	-422.5887	0.952924	0.5248265	0.5248265	0.5248265	0.5248265	0.5248265	0.5248265	0.02472427
17800	-421.3339	-421.3463	0.01240731	1.329925	1.329925	1.329925	1.329925	1.329925	1.329925	0.03063803
17810	-422.0127	-420.6568	-1.355947	1.997419	1.997419	1.997419	1.997419	1.997419	1.997419	0.02954033
17820	-421.1068	-422.0843	0.9775705	0.5984581	0.5984581	0.5984581	0.5984581	0.5984581	0.5984581	0.02685073
17830	-420.6428	-421.5547	0.9118956	0.8220044	0.8220044	0.8220044	0.8220044	0.8220044	0.8220044	0.02794396
17840	-423.2639	-420.9536	-2.310307	2.437785	2.437785	2.437785	2.437785	2.437785	2.437785	0.03028075
17850	-420.9998	-420.7983	-0.2014846	1.458196	1.458196	1.458196	1.458196	1.458196	1.458196	0.02925487
17860	-422.6366	-421.1716	-1.465075	2.021754	2.021754	2.021754	2.021754	2.021754	2.021754	0.03127797
17870	-422.7383	-423.5007	0.7624232	0.4393812	0.4393812	0.4393812	0.4393812	0.4393812	0.4393812	0.0231834
17880	-421.1628	-422.1209	0.9580449	0.5941137	0.5941137	0.5941137	0.5941137	0.5941137	0.5941137	0.02726705
17890	-422.0046	-421.7562	-0.2484682	1.584543	1.584543	1.584543	1.584543	1.584543	1.584543	0.02355178
17900	-421.4376	-420.5912	-0.8463868	1.811176	1.811176	1.811176	1.811176	1.811176	1.811176	0.02643604
17910	-422.3522	-423.2124	0.8602313	0.6531998	0.6531998	0.6531998	0.6531998	0.6531998	0.6531998	0.03121082
17920	-421.6787	-421.797	0.1182496	1.262221	1.262221	1.262221	1.262221	1.262221	1.262221	0.03146587
17930	-423.8621	-423.4351	-0.4270396	1.48511	1.48511	1.48511	1.48511	1.48511	1.48511	0.0346711
17940	-424.2521	-424.8931	0.6410516	0.5118281	0.5118281	0.5118281	0.5118281	0.5118281	0.5118281	0.03283011
17950	-421.3181	-420.6753	-0.6428446	1.722716	1.722716	1.722716	1.722716	1.722716	1.722716	0.02605614
17960	-421.0696	-420.595	-0.4745912	1.599436	1.599436	1.599436	1.599436	1.599436	1.599436	0.02861387
17970	-421.7338	-421.4954	-0.2383643	1.442939	1.442939	1.442939	1.442939	1.442939	1.442939	0.03132299
17980	-421.2694	-422.2621	0.9927132	0.5686898	0.5686898	0.5686898	0.5686898	0.5686898	0.5686898	0.02557714
17990	-420.558	-420.7523	0.1942753	1.301975	1.301975	1.301975	1.301975	1.301975	1.301975	0.02699239
18000	-420.934	-421.9984	1.064366	0.6663385	0.6663385	0.6663385	0.6663385	0.6663385	0.6663385	0.02553088
18010	-420.7225	-421.4495	0.7269541	0.9528167	0.9528167	0.9528167	0.9528167	0.9528167	0.9528167	0.0289565
18020	-420.834	-420.5941	-0.239928	1.498855	1.498855	1.498855	1.498855	1.498855	1.498855	0.02794477
18030	-420.9468	-421.2635	0.3167141	1.283267	1.283267	1.283267	1.283267	1.283267	1.283267	0.02477125
18040	-421.0792	-421.8129	0.733624	1.071697	1.071697	1.071697	1.071697	1.071697	1.071697	0.02399497
18050	-420.7702	-421.5419	0.7716474	0.9172657	0.9172657	0.9172657	0.9172657	0.9172657	0.9172657	0.02901742
18060	-421.0223	-421.3606	0.3383151	1.16964	1.16964	1.16964	1.16964	1.16964	1.16964	0.0300378
18070	-421.0772	-420.5098	-0.5673885	1.659935	1.659935	1.659935	1.659935	1.659935	1.659935	0.02761875
18080	-420.4279	-421.1034	0.6755522	1.048016	1.048016	1.048016	1.048016	1.048016	1.048016	0.02643326
18090	-420.7	-421.4943	0.7942495	1.00968	1.00968	1.00968	1.00968	1.00968	1.00968	0.02492911
18100	-421.6385	-422.3001	0.6616043	1.136531	1.136531	1.136531	1.136531	1.136531	1.136531	0.02307128
18110	-420.8629	-420.6563	-0.2066697	1.473737	1.473737	1.473737	1.473737	1.473737	1.473737	0.02847737
18120	-420.867	-421.6733	0.806278	1.014691	1.014691	1.014691	1.014691	1.014691	1.014691	0.02444298
18130	-421.9031	-420.514	-1.389054	2.029024	2.029024	2.029024	2.029024	2.029024	2.029024	0.02854201
18140	-420.9376	-420.5813	-0.3562881	1.549848	1.549848	1.549848	1.549848	1.549848	1.549848	0.02821944
18150	-421.0867	-422.1174	1.030675	0.6104218	0.6104218	0.6104218	0.6104218	0.6104218	0.6104218	0.02572241
18160	-420.5324	-420.8854	0.3529841	1.198895	1.198895	1.198895	1.198895	1.198895	1.198895	0.02805103
18170	-420.913	-421.7554	0.8423748	0.9942413	0.9942413	0.9942413	0.9942413	0.9942413	0.9942413	0.02431622
18180	-420.9568	-421.7797	0.8229499	0.861772	0.861772	0.861772	0.861772	0.861772	0.861772	0.02939596
18190	-420.5751	-421.2795	0.7044021	0.9821086	0.9821086	0.9821086	0.9821086	0.9821086	0.9821086	0.02841588
18200	-420.487	-421.0196	0.532654	1.138422	1.138422	1.138422	1.138422	1.138422	1.138422	0.02615888
18210	-420.6933	-421.6367	0.9434126	0.784839	0.784839	0.784839	0.784839	0.784839	0.784839	0.02786938
18220	-422.4825	-422.4148	-0.0677118	1.517015	1.517015	1.517015	1.517015	1.517015	1.517015	0.02265013
18230	-420.5979	-421.547	0.9491663	0.8020569	0.8020569	0.8020569	0.8020569	0.8020569	0.8020569	0.02736629
18240	-421.7322	-422.4997	0.7675475	0.490084	0.490084	0.490084	0.490084	0.490084	0.490084	0.02738225
18250	-420.7682	-421.237	0.4687969	1.110215	1.110215	1.110215	1.110215	1.110215	1.110215	0.02929544
18260	-421.2883	-422.4165	1.128157	0.7211527	0.7211527	0.7211527	0.7211527	0.7211527	0.7211527	0.02388831
18270	-420.938	-420.5533	-0.3846973	1.568435	1.568435	1.568435	1.568435	1.568435	1.568435	0.02792051
18280	-420.4861	-421.0268	0.5406803	1.134141	1.134141	1.134141	1.134141	1.134141	1.134141	0.02614712
18290	-420.9316	-421.0416	0.1099276	1.298249	1.298249	1.298249	1.298249	1.298249	1.298249	0.02958335
18300	-422.3076	-421.0006	-1.307023	1.955115	1.955115	1.955115	1.955115	1.955115	1.955115	0.03079238
18310	-420.616	-421.6153	0.9992697	0.8168732	0.8168732	0.8168732	0.8168732	0.8168732	0.8168732	0.02571905
18320	-421.1617	-422.1232	0.9615197	0.9251082	0.9251082	0.9251082	0.9251082	0.9251082	0.9251082	0.0237611
18330	-421.1405	-420.9098	-0.2306851	1.540878	1.540878	1.540878	1.540878	1.540878	1.540878	0.02536124
18340	-420.6262	-420.7415	0.1153316	1.348286	1.348286	1.348286	1.348286	1.348286	1.348286	0.02664856
18350	-423.8425	-423.2211	-0.6213719	1.797072	1.797072	1.797072	1.797072	1.797072	1.797072	0.02175604
18360	-420.8861	-420.8964	0.01029076	1.42021	1.42021	1.42021	1.42021	1.42021	1.42021	0.02559244
18370	-420.5967	-421.5695	0.9727839	0.7874121	0.7874121	0.7874121	0.7874121	0.7874121	0.7874121	0.02701516
18380	-421.1842	-420.8296	-0.3546055	1.595981	1.595981	1.595981	1.595981	1.595981	1.595981	0.02556449
18390	-421.1015	-421.3405	0.2389774	1.328142	1.328142	1.328142	1.328142	1.328142	1.328142	0.02451314
18400	-421.5804	-420.6285	-0.9519367	1.863837	1.863837	1.863837	1.863837	1.863837	1.863837	0.02624693
18410	-422.5705	-420.99	-1.580536	2.083621	2.083621	2.083621	2.083621	2.083621	2.083621	0.03076785
18420	-420.713	-420.7206	0.007610566	1.404756	1.404756	1.404756	1.404756	1.404756	1.404756	0.02648294
18430	-421.1724	-421.6002	0.4277885	1.112019	1.112019	1.112019	1.112019	1.112019	1.112019	0.03042672
18440	-420.4987	-421.1642	0.6655092	1.067593	1.067593	1.067593	1.067593	1.067593	1.067593	0.0258613
18450	-421.8099	-421.8529	0.04303242	1.446724	1.446724	1.446724	1.446724	1.446724	1.446724	0.02345703
18460	-420.6968	-420.7125	0.0156859	1.399137	1.399137	1.399137	1.399137	1.399137	1.399137	0.02657193
18470	-421.763	-422.326	0.5629746	1.193474	1.193474	1.193474	1.193474	1.193474	1.193474	0.02296752
18480	-420.4151	-421.1717	0.7565294	0.9835833	0.9835833	0.9835833	0.9835833	0.9835833	0.9835833	0.02691474
18490	-420.8386	-420.9817	0.1431177	1.286379	1.286379	1.286379	1.286379	1.286379	1.286379	0.02928923
18500	-420.5984	-420.8085	0.2100973	1.272015	1.272015	1.272015	1.272015	1.272015	1.272015	0.02816677
18510	-420.6584	-421.4973	0.8388414	0.9758016	0.9758016	0.9758016	0.9758016	0.9758016	0.9758016	0.02506881
18520	-420.7769	-421.0222	0.2452911	1.235175	1.235175	1.235175	1.235175	1.235175	1.235175	0.0291831
18530	-420.8604	-420.9814	0.1210211	1.369237	1.369237	1.369237	1.369237	1.369237	1.369237	0.02540664
18540	-426.4019	-424.8928	-1.509072	1.962702	1.962702	1.962702	1.962702	1.962702	1.962702	0.03708049
18550	-421.1689	-420.5172	-0.651689	1.689886	1.689886	1.689886	1.689886	1.689886	1.689886	0.02819321
18560	-420.5466	-420.7574	0.2108279	1.284289	1.284289	1.284289	1.284289	1.284289	1.284289	0.02748334
18570	-420.5043	-421.0505	0.5462372	1.088794	1.088794	1.088794	1.088794	1.088794	1.088794	0.02812348
18580	-420.4957	-420.8956	0.3999711	1.177573	1.177573	1.177573	1.177573	1.177573	1.177573	0.02783607
18590	-421.2845	-422.2751	0.9905991	0.9098676	0.9098676	0.9098676	0.9098676	0.9098676	0.9098676	0.02352734
18600	-421.212	-421.4648	0.2528045	1.326636	1.326636	1.326636	1.326636	1.326636	1.326636	0.02424887
18610	-423.2396	-422.2642	-0.9753852	1.763179	1.763179	1.763179	1.763179	1.763179	1.763179	0.03332751
18620	-421.6344	-420.9652	-0.6691924	1.662697	1.662697	1.662697	1.662697	1.662697	1.662697	0.03039956
18630	-421.1506	-420.6209	-0.5297549	1.663876	1.663876	1.663876	1.663876	1.663876	1.663876	0.02637681
18640	-420.4093	-421.0844	0.675092	1.034748	1.034748	1.034748	1.034748	1.034748	1.034748	0.02701141
18650	-420.6408	-421.4466	0.8058355	0.9965684	0.9965684	0.9965684	0.9965684	0.9965684	0.9965684	0.02513394
18660	-424.6187	-425.3269	0.7082249	0.5625341	0.5625341	0.5625341	0.5625341	0.5625341	0.5625341	0.03370695
18670	-420.6827	-421.3435	0.6607685	1.088949	1.088949	1.088949	1.088949	1.088949	1.088949	0.02507351
18680	-421.7159	-421.8113	0.09538306	1.419488	1.419488	1.419488	1.419488	1.419488	1.419488	0.02353951
18690	-421.4584	-421.3291	-0.1293233	1.397775	1.397775	1.397775	1.397775	1.397775	1.397775	0.03080357
18700	-420.4251	-421.1886	0.7634721	0.9897886	0.9897886	0.9897886	0.9897886	0.9897886	0.9897886	0.0264865
18710	-423.8477	-423.6831	-0.1646102	0.3272475	0.3272475	0.3272475	0.3272475	0.3272475	0.3272475	0.02906514
18720	-420.5291	-421.4118	0.8826478	0.8666435	0.8666435	0.8666435	0.8666435	0.8666435	0.8666435	0.02754978
18730	-420.6178	-421.6102	0.9923895	0.8293074	0.8293074	0.8293074	0.8293074	0.8293074	0.8293074	0.02561602
18740	-420.9797	-422.0727	1.092961	0.7146438	0.7146438	0.7146438	0.7146438	0.7146438	0.7146438	0.02478317
18750	-420.9975	-420.6264	-0.3710521	1.549785	1.549785	1.549785	1.549785	1.549785	1.549785	0.02864298
18760	-422.5828	-421.1633	-1.419524	2.109638	2.109638	2.109638	2.109638	2.109638	2.109638	0.02478153
18770	-420.7652	-421.82	1.054774	0.7559601	0.7559601	0.7559601	0.7559601	0.7559601	0.7559601	0.02536217
18780	-420.8006	-421.2588	0.4582204	1.114203	1.114203	1.114203	1.114203	1.114203	1.114203	0.02940322
18790	-420.7463	-421.7237	0.977388	0.8732086	0.8732086	0.8732086	0.8732086	0.8732086	0.8732086	0.0248819
18800	-421.0285	-421.8703	0.8418021	0.8393815	0.8393815	0.8393815	0.8393815	0.8393815	0.8393815	0.02950152
18810	-421.6736	-422.5203	0.8467123	0.7833569	0.7833569	0.7833569	0.7833569	0.7833569	0.7833569	0.03072956
18820	-422.2399	-423.2523	1.012426	0.5227799	0.5227799	0.5227799	0.5227799	0.5227799	0.5227799	0.02319733
18830	-420.8979	-420.5859	-0.3120018	1.551084	1.551084	1.551084	1.551084	1.551084	1.551084	0.02692706
18840	-420.8924	-421.6789	0.7864809	1.028915	1.028915	1.028915	1.028915	1.028915	1.028915	0.0243872
18850	-420.9165	-420.5959	-0.3206565	1.532009	1.532009	1.532009	1.532009	1.532009	1.532009	0.02826902
18860	-421.0817	-422.036	0.9543314	0.6870338	0.6870338	0.6870338	0.6870338	0.6870338	0.6870338	0.02855524
18870	-421.702	-422.8143	1.112248	0.8211013	0.8211013	0.8211013	0.8211013	0.8211013	0.8211013	0.02288846
18880	-420.998	-422.0936	1.095566	0.7149892	0.7149892	0.7149892	0.7149892	0.7149892	0.7149892	0.0247168
18890	-421.3244	-421.9711	0.6466888	0.970297	0.970297	0.970297	0.970297	0.970297	0.970297	0.03061972
18900	-421.2742	-422.2874	1.013193	0.8899207	0.8899207	0.8899207	0.8899207	0.8899207	0.8899207	0.02355791
18910	-420.5917	-421.213	0.621303	1.103247	1.103247	1.103247	1.103247	1.103247	1.103247	0.02545529
18920	-420.5085	-420.796	0.2875707	1.25076	1.25076	1.25076	1.25076	1.25076	1.25076	0.02715592
18930	-421.8787	-422.6807	0.8020233	0.5266428	0.5266428	0.5266428	0.5266428	0.5266428	0.5266428	0.02885805
18940	-420.4731	-421.04	0.5668994	1.081164	1.081164	1.081164	1.081164	1.081164	1.081164	0.02790442
18950	-420.4913	-420.8593	0.3679951	1.217056	1.217056	1.217056	1.217056	1.217056	1.217056	0.02671168
18960	-422.2063	-420.9968	-1.209445	1.909971	1.909971	1.909971	1.909971	1.909971	1.909971	0.03076225
18970	-422.672	-423.3197	0.6477071	0.4801534	0.4801534	0.4801534	0.4801534	0.4801534	0.4801534	0.03000025
18980	-421.5315	-421.123	-0.4085279	1.637166	1.637166	1.637166	1.637166	1.637166	1.637166	0.02472876
18990	-420.6477	-421.5819	0.9342415	0.8999677	0.8999677	0.8999677	0.8999677	0.8999677	0.8999677	0.0251928
19000	-420.47	-420.9338	0.4637239	1.169304	1.169304	1.169304	1.169304	1.169304	1.169304	0.02651357
19010	-420.6408	-420.7825	0.1416545	1.340048	1.340048	1.340048	1.340048	1.340048	1.340048	0.02638662
19020	-421.4558	-422.1486	0.6927984	0.9319218	0.9319218	0.9319218	0.9319218	0.9319218	0.9319218	0.03081313
19030	-420.5222	-420.9778	0.4555189	1.140205	1.140205	1.140205	1.140205	1.140205	1.140205	0.02816725
19040	-420.4823	-421.3782	0.8958306	0.8990322	0.8990322	0.8990322	0.8990322	0.8990322	0.8990322	0.02620863
19050	-420.63	-421.563	0.9329321	0.8984832	0.8984832	0.8984832	0.8984832	0.8984832	0.8984832	0.02527062
19060	-421.0191	-421.2376	0.2184742	1.333691	1.333691	1.333691	1.333691	1.333691	1.333691	0.02474667
19070	-422.2927	-423.4431	1.150459	0.5991571	0.5991571	0.5991571	0.5991571	0.5991571	0.5991571	0.02260223
19080	-420.9593	-421.4151	0.4558168	1.215493	1.215493	1.215493	1.215493	1.215493	1.215493	0.02453778
19090	-421.641	-422.775	1.134049	0.7843629	0.7843629	0.7843629	0.7843629	0.7843629	0.7843629	0.02303958
19100	-420.4128	-421.0468	0.6340159	1.064833	1.064833	1.064833	1.064833	1.064833	1.064833	0.0268103
19110	-423.011	-420.6833	-2.327639	2.476374	2.476374	2.476374	2.476374	2.476374	2.476374	0.02844046
19120	-420.5964	-421.5494	0.9530321	0.7997485	0.7997485	0.7997485	0.7997485	0.7997485	0.7997485	0.02730883
19130	-421.0211	-422.0108	0.9897335	0.6247651	0.6247651	0.6247651	0.6247651	0.6247651	0.6247651	0.02706507
19140	-421.9107	-423.0266	1.115877	0.8328288	0.8328288	0.8328288	0.8328288	0.8328288	0.8328288	0.02256752
19150	-425.5146	-426.8341	1.319515	0.7752531	0.7752531	0.7752531	0.7752531	0.7752531	0.7752531	0.01925263
19160	-420.4117	-421.0456	0.6339719	1.063634	1.063634	1.063634	1.063634	1.063634	1.063634	0.0268644
19170	-420.5134	-421.4266	0.9131784	0.851271	0.851271	0.851271	0.851271	0.851271	0.851271	0.02715124
19180	-421.2424	-422.1806	0.9382007	0.5846536	0.5846536	0.5846536	0.5846536	0.5846536	0.5846536	0.02754041
19190	-420.9387	-420.8142	-0.1244854	1.482111	1.482111	1.482111	1.482111	1.482111	1.482111	0.02577932
19200	-421.0186	-421.9285	0.9099072	0.9544502	0.9544502	0.9544502	0.9544502	0.9544502	0.9544502	0.02406113
19210	-421.2125	-420.7281	-0.4843592	1.591701	1.591701	1.591701	1.591701	1.591701	1.591701	0.02937056
19220	-420.5201	-421.2664	0.7463019	0.9616184	0.9616184	0.9616184	0.9616184	0.9616184	0.9616184	0.0280577
19230	-422.7661	-422.3951	-0.3710159	1.660744	1.660744	1.660744	1.660744	1.660744	1.660744	0.0226555
19240	-426.429	-423.6682	-2.76077	2.577733	2.577733	2.577733	2.577733	2.577733	2.577733	0.03558943
19250	-424.093	-421.3137	-2.779248	2.750673	2.750673	2.750673	2.750673	2.750673	2.750673	0.02550153
19260	-420.4601	-421.3398	0.8796961	0.9023428	0.9023428	0.9023428	0.9023428	0.9023428	0.9023428	0.02652924
19270	-422.5996	-421.4749	-1.124696	1.85317	1.85317	1.85317	1.85317	1.85317	1.85317	0.03191725
19280	-422.7157	-420.635	-2.080663	2.376086	2.376086	2.376086	2.376086	2.376086	2.376086	0.02736813
19290	-421.6365	-421.1195	-0.5170177	1.586082	1.586082	1.586082	1.586082	1.586082	1.586082	0.03070745
19300	-420.4598	-421.3085	0.8486939	0.9082829	0.9082829	0.9082829	0.9082829	0.9082829	0.9082829	0.02716742
19310	-420.4816	-421.3426	0.8609529	0.8933554	0.8933554	0.8933554	0.8933554	0.8933554	0.8933554	0.02732196
19320	-423.6703	-424.7902	1.119936	0.9112782	0.9112782	0.9112782	0.9112782	0.9112782	0.9112782	0.02063695
19330	-421.1312	-421.5082	0.3769461	1.263159	1.263159	1.263159	1.263159	1.263159	1.263159	0.02424957
19340	-420.7245	-420.6234	-0.1011412	1.441121	1.441121	1.441121	1.441121	1.441121	1.441121	0.02740887
19350	-420.8453	-421.3032	0.4578778	1.111599	1.111599	1.111599	1.111599	1.111599	1.111599	0.02954628
19360	-420.7302	-420.628	-0.1021772	1.445959	1.445959	1.445959	1.445959	1.445959	1.445959	0.02716564
19370	-420.7458	-420.6292	-0.1165159	1.455148	1.455148	1.455148	1.455148	1.455148	1.455148	0.02704132
19380	-421.5395	-422.1088	0.5693123	1.011501	1.011501	1.011501	1.011501	1.011501	1.011501	0.0311307
19390	-422.6021	-423.7385	1.136368	0.8525645	0.8525645	0.8525645	0.8525645	0.8525645	0.8525645	0.02169169
19400	-421.0452	-422.1202	1.074997	0.6506531	0.6506531	0.6506531	0.6506531	0.6506531	0.6506531	0.02515794
19410	-421.8469	-421.6788	-0.1680702	1.403875	1.403875	1.403875	1.403875	1.403875	1.403875	0.03162583
19420	-421.8674	-421.1887	-0.6786864	1.767154	1.767154	1.767154	1.767154	1.767154	1.767154	0.0245617
19430	-420.6839	-421.062	0.378079	1.236543	1.236543	1.236543	1.236543	1.236543	1.236543	0.02548792
19440	-421.0027	-421.5511	0.5484082	1.170113	1.170113	1.170113	1.170113	1.170113	1.170113	0.02432496
19450	-420.8638	-421.0807	0.2169785	1.325553	1.325553	1.325553	1.325553	1.325553	1.325553	0.0251874
19460	-420.4507	-421.1074	0.6566869	1.064716	1.064716	1.064716	1.064716	1.064716	1.064716	0.02621439
19470	-420.6689	-420.7019	0.03303584	1.387584	1.387584	1.387584	1.387584	1.387584	1.387584	0.0267342
19480	-421.9092	-421.2736	-0.6356155	1.634704	1.634704	1.634704	1.634704	1.634704	1.634704	0.03119554
19490	-420.5113	-420.88	0.3686417	1.193311	1.193311	1.193311	1.193311	1.193311	1.193311	0.02790243
19500	-421.5626	-422.4531	0.8905403	0.5821538	0.5821538	0.5821538	0.5821538	0.5821538	0.5821538	0.02880376
19510	-420.5764	-421.0729	0.4965402	1.109732	1.109732	1.109732	1.109732	1.109732	1.109732	0.02851764
19520	-421.1115	-420.5066	-0.6048177	1.680511	1.680511	1.680511	1.680511	1.680511	1.680511	0.02744457
19530	-421.1738	-421.7342	0.5603257	1.172072	1.172072	1.172072	1.172072	1.172072	1.172072	0.02395122
19540	-421.3414	-422.4703	1.128899	0.7429217	0.7429217	0.7429217	0.7429217	0.7429217	0.7429217	0.02369244
19550	-420.9139	-421.3543	0.4404416	1.117657	1.117657	1.117657	1.117657	1.117657	1.117657	0.02975157
19560	-421.3421	-420.6285	-0.7136182	1.703484	1.703484	1.703484	1.703484	1.703484	1.703484	0.02913795
19570	-421.755	-422.2624	0.5073245	1.221881	1.221881	1.221881	1.221881	1.221881	1.221881	0.02302766
19580	-422.1296	-420.5852	-1.544424	2.093342	2.093342	2.093342	2.093342	2.093342	2.093342	0.02906879
19590	-420.5494	-421.3628	0.8133248	0.9118219	0.9118219	0.9118219	0.9118219	0.9118219	0.9118219	0.02802286
19600	-421.7769	-421.8732	0.09626921	1.270591	1.270591	1.270591	1.270591	1.270591	1.270591	0.0316496
19610	-422.1184	-423.3103	1.191919	0.7099966	0.7099966	0.7099966	0.7099966	0.7099966	0.7099966	0.02246908
19620	-420.7346	-420.9475	0.2129107	1.31825	1.31825	1.31825	1.31825	1.31825	1.31825	0.02565822
19630	-422.0059	-421.3055	-0.7003706	1.663358	1.663358	1.663358	1.663358	1.663358	1.663358	0.03131829
19640	-423.7249	-424.4067	0.681862	0.8556598	0.8556598	0.8556598	0.8556598	0.8556598	0.8556598	0.0340655
19650	-421.3373	-421.2928	-0.04457009	1.359224	1.359224	1.359224	1.359224	1.359224	1.359224	0.03059172
19660	-420.483	-421.1124	0.6293712	1.041351	1.041351	1.041351	1.041351	1.041351	1.041351	0.02797997
19670	-421.2158	-421.5734	0.3575983	1.149933	1.149933	1.149933	1.149933	1.149933	1.149933	0.03053073
19680	-420.5998	-420.7122	0.1123877	1.341951	1.341951	1.341951	1.341951	1.341951	1.341951	0.0270674
19690	-421.1893	-420.6535	-0.5357925	1.620852	1.620852	1.620852	1.620852	1.620852	1.620852	0.02907273
19700	-421.7439	-420.5767	-1.167281	1.958644	1.958644	1.958644	1.958644	1.958644	1.958644	0.0265752
19710	-420.5947	-420.7339	0.139149	1.332238	1.332238	1.332238	1.332238	1.332238	1.332238	0.02686717
19720	-422.4774	-422.3466	-0.1308176	1.367638	1.367638	1.367638	1.367638	1.367638	1.367638	0.03278817
19730	-420.6566	-420.8042	0.1475952	1.299851	1.299851	1.299851	1.299851	1.299851	1.299851	0.0284004
19740	-421.6371	-422.7438	1.106677	0.8224435	0.8224435	0.8224435	0.8224435	0.8224435	0.8224435	0.02298949
19750	-422.4804	-420.9243	-1.556123	2.161552	2.161552	2.161552	2.161552	2.161552	2.161552	0.02544341
19760	-420.9172	-420.7528	-0.1644118	1.444967	1.444967	1.444967	1.444967	1.444967	1.444967	0.02896906
19770	-422.5087	-423.6948	1.186137	0.6219779	0.6219779	0.6219779	0.6219779	0.6219779	0.6219779	0.02220005
19780	-422.4207	-423.2566	0.8358255	0.5964336	0.5964336	0.5964336	0.5964336	0.5964336	0.5964336	0.03088094
19790	-420.8277	-421.8688	1.041138	0.6811904	0.6811904	0.6811904	0.6811904	0.6811904	0.6811904	0.02617683
19800	-420.6126	-421.4169	0.8042418	0.9947222	0.9947222	0.9947222	0.9947222	0.9947222	0.9947222	0.02524333
19810	-420.998	-422.0318	1.033813	0.6293221	0.6293221	0.6293221	0.6293221	0.6293221	0.6293221	0.02596713
19820	-420.6661	-421.3527	0.6866717	1.0727	1.0727	1.0727	1.0727	1.0727	1.0727	0.02510662
19830	-422.672	-423.0367	0.3646838	0.3765293	0.3765293	0.3765293	0.3765293	0.3765293	0.3765293	0.02495962
19840	-420.8076	-420.7506	-0.057007	1.396887	1.396887	1.396887	1.396887	1.396887	1.396887	0.02870638
19850	-423.8274	-424.6072	0.7798226	0.7311364	0.7311364	0.7311364	0.7311364	0.7311364	0.7311364	0.03374053
19860	-420.8332	-421.6434	0.8101561	0.8827171	0.8827171	0.8827171	0.8827171	0.8827171	0.8827171	0.02910082
19870	-420.9157	-421.9977	1.082001	0.7080279	0.7080279	0.7080279	0.7080279	0.7080279	0.7080279	0.02508834
19880	-420.6406	-421.2867	0.646143	1.01291	1.01291	1.01291	1.01291	1.01291	1.01291	0.02876641
19890	-423.2491	-422.8122	-0.4368604	1.501871	1.501871	1.501871	1.501871	1.501871	1.501871	0.03381436
19900	-420.4456	-421.2785	0.8328764	0.9233263	0.9233263	0.9233263	0.9233263	0.9233263	0.9233263	0.02708492
19910	-420.743	-421.7517	1.008755	0.7145184	0.7145184	0.7145184	0.7145184	0.7145184	0.7145184	0.02696117
19920	-421.0541	-421.2845	0.2304741	1.329835	1.329835	1.329835	1.329835	1.329835	1.329835	0.02463955
19930	-420.6429	-420.7341	0.09124264	1.334327	1.334327	1.334327	1.334327	1.334327	1.334327	0.02806881
19940	-420.4218	-421.1401	0.7182801	1.019411	1.019411	1.019411	1.019411	1.019411	1.019411	0.02649788
19950	-420.4237	-421.1641	0.7403797	1.00547	1.00547	1.00547	1.00547	1.00547	1.00547	0.02647764
19960	-420.7549	-421.6688	0.9139049	0.8021413	0.8021413	0.8021413	0.8021413	0.8021413	0.8021413	0.02834664
19970	-420.9247	-421.646	0.7212887	0.9414421	0.9414421	0.9414421	0.9414421	0.9414421	0.9414421	0.02957308
19980	-423.3496	-422.7191	-0.6304688	1.593942	1.593942	1.593942	1.593942	1.593942	1.593942	0.03383077
19990	-420.738	-421.3094	0.5714618	1.142215	1.142215	1.142215	1.142215	1.142215	1.142215	0.02499422
20000	-421.8864	-422.8261	0.9396595	0.5085803	0.5085803	0.5085803	0.5085803	0.5085803	0.5085803	0.02417094
20010	-420.8513	-421.4268	0.5755094	1.041236	1.041236	1.041236	1.041236	1.041236	1.041236	0.02953375
20020	-420.8795	-420.5638	-0.3156556	1.538492	1.538492	1.538492	1.538492	1.538492	1.538492	0.02774876
20030	-420.4798	-420.8417	0.3619543	1.214322	1.214322	1.214322	1.214322	1.214322	1.214322	0.02701175
20040	-422.3921	-421.6804	-0.7117092	1.800021	1.800021	1.800021	1.800021	1.800021	1.800021	0.02366318
20050	-423.7716	-423.2874	-0.4841595	1.7345	1.7345	1.7345	1.7345	1.7345	1.7345	0.02168065
20060	-421.161	-420.5471	-0.6138448	1.695328	1.695328	1.695328	1.695328	1.695328	1.695328	0.02683335
20070	-421.7949	-420.5927	-1.202145	1.976287	1.976287	1.976287	1.976287	1.976287	1.976287	0.02649924
20080	-420.9249	-420.5523	-0.3725647	1.573933	1.573933	1.573933	1.573933	1.573933	1.573933	0.0272664
20090	-421.5069	-420.4721	-1.034803	1.875975	1.875975	1.875975	1.875975	1.875975	1.875975	0.02778309
20100	-421.1523	-420.5698	-0.5824799	1.650556	1.650556	1.650556	1.650556	1.650556	1.650556	0.02860289
20110	-421.1209	-422.0476	0.92672	0.7327202	0.7327202	0.7327202	0.7327202	0.7327202	0.7327202	0.02911513
20120	-421.2818	-420.7198	-0.5620528	1.62757	1.62757	1.62757	1.62757	1.62757	1.62757	0.02942468
20130	-421.9453	-420.6301	-1.315175	2.031589	2.031589	2.031589	2.031589	2.031589	2.031589	0.02636464
20140	-424.4754	-421.1154	-3.360018	2.990264	2.990264	2.990264	2.990264	2.990264	2.990264	0.02828307
20150	-423.228	-423.5929	0.3649113	1.086112	1.086112	1.086112	1.086112	1.086112	1.086112	0.03386755
20160	-421.0974	-420.6602	-0.4372534	1.575888	1.575888	1.575888	1.575888	1.575888	1.575888	0.028969
20170	-423.0294	-420.718	-2.311472	2.489496	2.489496	2.489496	2.489496	2.489496	2.489496	0.02723471
20180	-421.3542	-420.6291	-0.7251475	1.708664	1.708664	1.708664	1.708664	1.708664	1.708664	0.02915213
20190	-420.5511	-421.5074	0.9563156	0.8141219	0.8141219	0.8141219	0.8141219	0.8141219	0.8141219	0.0269099
20200	-420.4535	-420.9253	0.4717952	1.161006	1.161006	1.161006	1.161006	1.161006	1.161006	0.02669893
20210	-420.6283	-421.5806	0.952326	0.8797336	0.8797336	0.8797336	0.8797336	0.8797336	0.8797336	0.02532932
20220	-421.1679	-422.0024	0.8344904	1.014702	1.014702	1.014702	1.014702	1.014702	1.014702	0.02376259
20230	-420.7216	-420.7347	0.01317764	1.403702	1.403702	1.403702	1.403702	1.403702	1.403702	0.02639247
20240	-421.6554	-420.6506	-1.00486	1.834808	1.834808	1.834808	1.834808	1.834808	1.834808	0.02944782
20250	-420.5385	-420.834	0.2954901	1.231914	1.231914	1.231914	1.231914	1.231914	1.231914	0.02792651
20260	-420.7751	-421.813	1.03794	0.803584	0.803584	0.803584	0.803584	0.803584	0.803584	0.02501201
20270	-422.0574	-421.0004	-1.056999	1.934872	1.934872	1.934872	1.934872	1.934872	1.934872	0.02504191
20280	-421.7791	-421.1087	-0.6704211	1.657018	1.657018	1.657018	1.657018	1.657018	1.657018	0.03080646
20290	-422.1995	-422.7284	0.5288793	1.013905	1.013905	1.013905	1.013905	1.013905	1.013905	0.03229615
20300	-420.5822	-420.962	0.3798237	1.226216	1.226216	1.226216	1.226216	1.226216	1.226216	0.02594611
20310	-420.6644	-420.9358	0.2714002	1.285326	1.285326	1.285326	1.285326	1.285326	1.285326	0.02581585
20320	-420.9247	-420.7031	-0.2216164	1.521067	1.521067	1.521067	1.521067	1.521067	1.521067	0.02619602
20330	-421.7251	-420.4854	-1.239704	1.977262	1.977262	1.977262	1.977262	1.977262	1.977262	0.02745619
20340	-421.0648	-422.1691	1.104318	0.7168344	0.7168344	0.7168344	0.7168344	0.7168344	0.7168344	0.02449112
20350	-420.4519	-421.1253	0.6734913	1.019587	1.019587	1.019587	1.019587	1.019587	1.019587	0.02770414
20360	-420.9976	-421.4401	0.442495	1.224185	1.224185	1.224185	1.224185	1.224185	1.224185	0.02446352
20370	-420.4217	-420.9824	0.560708	1.100395	1.100395	1.100395	1.100395	1.100395	1.100395	0.02717793
20380	-420.7276	-420.9234	0.1957563	1.32547	1.32547	1.32547	1.32547	1.32547	1.32547	0.02573184
20390	-421.296	-422.243	0.9469272	0.5529429	0.5529429	0.5529429	0.5529429	0.5529429	0.5529429	0.02617047
20400	-421.3687	-420.4772	-0.8915182	1.808162	1.808162	1.808162	1.808162	1.808162	1.808162	0.02783545
20410	-421.8021	-420.6652	-1.13686	1.894662	1.894662	1.894662	1.894662	1.894662	1.894662	0.02956163
20420	-421.4227	-420.5037	-0.9190469	1.811589	1.811589	1.811589	1.811589	1.811589	1.811589	0.02840327
20430	-420.4291	-421.1914	0.7623495	0.9923256	0.9923256	0.9923256	0.9923256	0.9923256	0.9923256	0.02641706
20440	-421.7071	-420.6345	-1.072547	1.867266	1.867266	1.867266	1.867266	1.867266	1.867266	0.02939475
20450	-421.5304	-421.6269	0.09656621	1.412401	1.412401	1.412401	1.412401	1.412401	1.412401	0.02385437
20460	-425.2102	-425.881	0.6708082	0.5490973	0.5490973	0.5490973	0.5490973	0.5490973	0.5490973	0.03428067
20470	-421.1018	-422.0647	0.9629291	0.6475726	0.6475726	0.6475726	0.6475726	0.6475726	0.6475726	0.02811088
20480	-420.592	-421.1533	0.5613164	1.135849	1.135849	1.135849	1.135849	1.135849	1.135849	0.02553586
20490	-420.6746	-421.1591	0.4844889	1.182925	1.182925	1.182925	1.182925	1.182925	1.182925	0.02533041
20500	-422.6538	-423.4572	0.8034249	1.089636	1.089636	1.089636	1.089636	1.089636	1.089636	0.02171478
20510	-421.0352	-421.9988	0.963566	0.6798123	0.6798123	0.6798123	0.6798123	0.6798123	0.6798123	0.02828599
20520	-420.417	-421.056	0.6390773	1.064853	1.064853	1.064853	1.064853	1.064853	1.064853	0.02667407
20530	-421.1639	-421.6518	0.4879786	1.077293	1.077293	1.077293	1.077293	1.077293	1.077293	0.03039202
20540	-420.7093	-420.9878	0.2784837	1.221995	1.221995	1.221995	1.221995	1.221995	1.221995	0.02894286
20550	-420.6213	-421.6119	0.9905946	0.7696296	0.7696296	0.7696296	0.7696296	0.7696296	0.7696296	0.02684205
20560	-420.7297	-421.6869	0.9572342	0.7639655	0.7639655	0.7639655	0.7639655	0.7639655	0.7639655	0.02784252
20570	-420.4384	-420.9475	0.5091557	1.1255	1.1255	1.1255	1.1255	1.1255	1.1255	0.02739799
20580	-420.8045	-421.7783	0.973804	0.8839925	0.8839925	0.8839925	0.8839925	0.8839925	0.8839925	0.024672
20590	-420.4144	-421.1089	0.6944791	1.031057	1.031057	1.031057	1.031057	1.031057	1.031057	0.02664748
20600	-421.2818	-420.7333	-0.5484532	1.682295	1.682295	1.682295	1.682295	1.682295	1.682295	0.02584215
20610	-420.6295	-421.0646	0.4351187	1.14036	1.14036	1.14036	1.14036	1.14036	1.14036	0.02873986
20620	-421.4447	-421.1301	-0.3146583	1.49232	1.49232	1.49232	1.49232	1.49232	1.49232	0.03052516
20630	-420.4617	-421.3446	0.8829564	0.8943467	0.8943467	0.8943467	0.8943467	0.8943467	0.8943467	0.02669621
20640	-420.546	-421.0038	0.4577591	1.135831	1.135831	1.135831	1.135831	1.135831	1.135831	0.02832294
20650	-420.9453	-421.9156	0.9702809	0.6954885	0.6954885	0.6954885	0.6954885	0.6954885	0.6954885	0.02809551
20660	-420.964	-421.7682	0.804137	0.8766292	0.8766292	0.8766292	0.8766292	0.8766292	0.8766292	0.0294772
20670	-421.8888	-421.9505	0.06175837	1.285149	1.285149	1.285149	1.285149	1.285149	1.285149	0.03184802
20680	-421.5224	-422.6691	1.146687	0.6816991	0.6816991	0.6816991	0.6816991	0.6816991	0.6816991	0.02355532
20690	-422.4717	-422.0007	-0.470962	1.53657	1.53657	1.53657	1.53657	1.53657	1.53657	0.03254175
20700	-422.0421	-420.6344	-1.407764	2.023613	2.023613	2.023613	2.023613	2.023613	2.023613	0.02941884
20710	-422.8747	-422.2946	-0.5800805	1.756121	1.756121	1.756121	1.756121	1.756121	1.756121	0.02278633
20720	-422.0364	-420.9253	-1.111155	1.956293	1.956293	1.956293	1.956293	1.956293	1.956293	0.02525134
20730	-421.3475	-422.4504	1.102895	0.6322378	0.6322378	0.6322378	0.6322378	0.6322378	0.6322378	0.0242723
20740	-421.5063	-421.4445	-0.0617674	1.361454	1.361454	1.361454	1.361454	1.361454	1.361454	0.03098333
20750	-420.9813	-421.9849	1.003614	0.6306809	0.6306809	0.6306809	0.6306809	0.6306809	0.6306809	0.02678337
20760	-420.7569	-421.3048	0.547944	1.06424	1.06424	1.06424	1.06424	1.06424	1.06424	0.02924868
20770	-420.9322	-421.9308	0.9986216	0.6534858	0.6534858	0.6534858	0.6534858	0.6534858	0.6534858	0.0271795
20780	-421.5233	-421.2333	-0.290063	1.476654	1.476654	1.476654	1.476654	1.476654	1.476654	0.0307676
20790	-420.4415	-421.1684	0.7268871	0.9886446	0.9886446	0.9886446	0.9886446	0.9886446	0.9886446	0.02751977
20800	-420.6911	-420.6581	-0.03301132	1.400972	1.400972	1.400972	1.400972	1.400972	1.400972	0.02779404
20810	-425.435	-424.9362	-0.4987395	1.494315	1.494315	1.494315	1.494315	1.494315	1.494315	0.03654282
20820	-420.4242	-421.0381	0.6138481	1.081711	1.081711	1.081711	1.081711	1.081711	1.081711	0.02660023
20830	-420.9299	-421.9567	1.026869	0.6444454	0.6444454	0.6444454	0.6444454	0.6444454	0.6444454	0.02633813
20840	-420.502	-420.9185	0.4164886	1.197854	1.197854	1.197854	1.197854	1.197854	1.197854	0.02637593
20850	-421.6762	-422.459	0.7827212	0.8490405	0.8490405	0.8490405	0.8490405	0.8490405	0.8490405	0.03100386
20860	-421.4162	-422.38	0.9637532	0.543666	0.543666	0.543666	0.543666	0.543666	0.543666	0.02534327
20870	-421.4841	-422.0877	0.6035656	0.9917244	0.9917244	0.9917244	0.9917244	0.9917244	0.9917244	0.03099058
20880	-421.7541	-420.8288	-0.9253076	1.786967	1.786967	1.786967	1.786967	1.786967	1.786967	0.03012763
20890	-420.436	-421.1487	0.7126721	0.9989645	0.9989645	0.9989645	0.9989645	0.9989645	0.9989645	0.02748944
20900	-424.2993	-425.0723	0.7730246	1.147096	1.147096	1.147096	1.147096	1.147096	1.147096	0.02025459
20910	-420.952	-422.0027	1.05077	0.6495617	0.6495617	0.6495617	0.6495617	0.6495617	0.6495617	0.02576527
20920	-420.5303	-420.7821	0.2517807	1.261884	1.261884	1.261884	1.261884	1.261884	1.261884	0.02755053
20930	-420.6325	-421.5584	0.9259492	0.8122359	0.8122359	0.8122359	0.8122359	0.8122359	0.8122359	0.02778291
20940	-421.6032	-422.2825	0.6792225	1.12554	1.12554	1.12554	1.12554	1.12554	1.12554	0.02311154
20950	-420.6154	-421.3655	0.7501202	0.9472587	0.9472587	0.9472587	0.9472587	0.9472587	0.9472587	0.02850857
20960	-421.8968	-420.7049	-1.191871	1.917388	1.917388	1.917388	1.917388	1.917388	1.917388	0.02975029
20970	-421.9374	-422.8102	0.8727999	1.024463	1.024463	1.024463	1.024463	1.024463	1.024463	0.02252669
20980	-420.4537	-421.0113	0.5575602	1.119466	1.119466	1.119466	1.119466	1.119466	1.119466	0.02638016
20990	-421.0385	-421.9488	0.9102257	0.767578	0.767578	0.767578	0.767578	0.767578	0.767578	0.02912313
21000	-424.0884	-423.628	-0.4603739	1.497277	1.497277	1.497277	1.497277	1.497277	1.497277	0.03495147
21010	-422.6056	-421.2856	-1.319972	2.06849	2.06849	2.06849	2.06849	2.06849	2.06849	0.02448679
21020	-422.9538	-420.6643	-2.289577	2.463911	2.463911	2.463911	2.463911	2.463911	2.463911	0.02809436
21030	-421.5447	-420.8205	-0.7241335	1.770751	1.770751	1.770751	1.770751	1.770751	1.770751	0.02550683
21040	-420.8845	-421.9527	1.068174	0.6881339	0.6881339	0.6881339	0.6881339	0.6881339	0.6881339	0.02548259
21050	-421.5487	-421.7562	0.2074527	1.219275	1.219275	1.219275	1.219275	1.219275	1.219275	0.03123295
21060	-421.0969	-421.7883	0.691351	0.9516237	0.9516237	0.9516237	0.9516237	0.9516237	0.9516237	0.03005508
21070	-421.168	-421.4003	0.2323706	1.220792	1.220792	1.220792	1.220792	1.220792	1.220792	0.03037746
21080	-421.4273	-421.932	0.504774	1.055928	1.055928	1.055928	1.055928	1.055928	1.055928	0.03095687
21090	-420.5159	-420.8585	0.3426033	1.233789	1.233789	1.233789	1.233789	1.233789	1.233789	0.02654676
21100	-420.4595	-421.2796	0.8200509	0.9593667	0.9593667	0.9593667	0.9593667	0.9593667	0.9593667	0.02614486
21110	-421.1299	-420.6321	-0.4977495	1.649575	1.649575	1.649575	1.649575	1.649575	1.649575	0.02633394
21120	-420.9034	-421.4854	0.5819753	1.034052	1.034052	1.034052	1.034052	1.034052	1.034052	0.0296801
21130	-420.5855	-421.5796	0.9940941	0.7996226	0.7996226	0.7996226	0.7996226	0.7996226	0.7996226	0.02621268
21140	-420.7775	-421.771	0.9934935	0.7144853	0.7144853	0.7144853	0.7144853	0.7144853	0.7144853	0.027376
21150	-423.5218	-422.6245	-0.8972946	1.911841	1.911841	1.911841	1.911841	1.911841	1.911841	0.02242408
21160	-421.531	-420.4856	-1.045413	1.873353	1.873353	1.873353	1.873353	1.873353	1.873353	0.02823748
21170	-421.3841	-422.2796	0.8955751	0.5450077	0.5450077	0.5450077	0.5450077	0.5450077	0.5450077	0.02719384
21180	-420.798	-421.1165	0.3184711	1.193404	1.193404	1.193404	1.193404	1.193404	1.193404	0.02933299
21190	-421.1978	-422.3104	1.112543	0.7527787	0.7527787	0.7527787	0.7527787	0.7527787	0.7527787	0.0239762
21200	-420.8172	-421.37	0.5528747	1.157312	1.157312	1.157312	1.157312	1.157312	1.157312	0.02478419
21210	-421.1999	-421.0804	-0.1194164	1.4039	1.4039	1.4039	1.4039	1.4039	1.4039	0.03012243
21220	-421.5154	-420.5864	-0.928992	1.805449	1.805449	1.805449	1.805449	1.805449	1.805449	0.02906655
21230	-421.1032	-421.4998	0.3965448	1.133043	1.133043	1.133043	1.133043	1.133043	1.133043	0.03025957
21240	-420.467	-421.3463	0.879374	0.9090165	0.9090165	0.9090165	0.9090165	0.9090165	0.9090165	0.02632283
21250	-422.9798	-421.1044	-1.875409	2.21838	2.21838	2.21838	2.21838	2.21838	2.21838	0.03104559
21260	-422.8044	-422.2452	-0.559213	1.571459	1.571459	1.571459	1.571459	1.571459	1.571459	0.03303314
21270	-426.3984	-427.0391	0.6407596	0.8165463	0.8165463	0.8165463	0.8165463	0.8165463	0.8165463	0.03681916
21280	-420.6354	-421.4861	0.8506845	0.9649471	0.9649471	0.9649471	0.9649471	0.9649471	0.9649471	0.02515896
21290	-421.3278	-421.6697	0.3418904	1.154063	1.154063	1.154063	1.154063	1.154063	1.154063	0.03078521
21300	-421.475	-422.1957	0.7206782	0.9103924	0.9103924	0.9103924	0.9103924	0.9103924	0.9103924	0.03079759
21310	-421.562	-422.3964	0.8344178	0.8056763	0.8056763	0.8056763	0.8056763	0.8056763	0.8056763	0.03060731
21320	-420.6105	-421.1863	0.5758599	1.129794	1.129794	1.129794	1.129794	1.129794	1.129794	0.02543749
21330	-420.4299	-421.1411	0.7111817	1.026803	1.026803	1.026803	1.026803	1.026803	1.026803	0.0263816
21340	-421.0951	-421.4228	0.32766	1.285491	1.285491	1.285491	1.285491	1.285491	1.285491	0.02439571
21350	-422.2511	-422.6263	0.3751768	1.104783	1.104783	1.104783	1.104783	1.104783	1.104783	0.03247309
21360	-420.4181	-421.0938	0.6756758	1.044375	1.044375	1.044375	1.044375	1.044375	1.044375	0.02658504
21370	-421.2876	-420.973	-0.3146293	1.499617	1.499617	1.499617	1.499617	1.499617	1.499617	0.03006456
21380	-420.906	-421.0067	0.1007504	1.381365	1.381365	1.381365	1.381365	1.381365	1.381365	0.02530022
21390	-421.4528	-420.5306	-0.9222259	1.839638	1.839638	1.839638	1.839638	1.839638	1.839638	0.02683337
21400	-421.0135	-421.7017	0.6881894	0.9586916	0.9586916	0.9586916	0.9586916	0.9586916	0.9586916	0.02985798
21410	-420.4802	-421.3686	0.8883642	0.9060935	0.9060935	0.9060935	0.9060935	0.9060935	0.9060935	0.02618084
21420	-421.1076	-421.8251	0.7174887	0.932588	0.932588	0.932588	0.932588	0.932588	0.932588	0.03003547
21430	-423.7999	-421.8635	-1.936445	2.221257	2.221257	2.221257	2.221257	2.221257	2.221257	0.03279957
21440	-422.8452	-423.1046	0.2594539	1.154693	1.154693	1.154693	1.154693	1.154693	1.154693	0.03339277
21450	-420.7451	-421.5381	0.7930213	0.903828	0.903828	0.903828	0.903828	0.903828	0.903828	0.02887933
21460	-421.0016	-421.9782	0.9766174	0.6606747	0.6606747	0.6606747	0.6606747	0.6606747	0.6606747	0.02783892
21470	-420.9474	-421.0127	0.0653302	1.321002	1.321002	1.321002	1.321002	1.321002	1.321002	0.02957718
21480	-420.5328	-421.0733	0.5405258	1.088519	1.088519	1.088519	1.088519	1.088519	1.088519	0.02829771
21490	-420.4335	-421.148	0.7144962	0.9985434	0.9985434	0.9985434	0.9985434	0.9985434	0.9985434	0.02745664
21500	-421.1105	-422.0187	0.9081753	0.7609209	0.7609209	0.7609209	0.7609209	0.7609209	0.7609209	0.02929101
21510	-420.5867	-421.5538	0.96702	0.854142	0.854142	0.854142	0.854142	0.854142	0.854142	0.02565342
21520	-421.9685	-423.0406	1.072184	0.5616172	0.5616172	0.5616172	0.5616172	0.5616172	0.5616172	0.02339291
21530	-420.4392	-421.0232	0.5839492	1.102245	1.102245	1.102245	1.102245	1.102245	1.102245	0.02646955
21540	-420.7064	-420.7473	0.04094509	1.390445	1.390445	1.390445	1.390445	1.390445	1.390445	0.02637028
21550	-420.9318	-421.9395	1.007689	0.646448	0.646448	0.646448	0.646448	0.646448	0.646448	0.02686909
21560	-420.8541	-421.8439	0.9898362	0.8744269	0.8744269	0.8744269	0.8744269	0.8744269	0.8744269	0.02454121
21570	-420.9043	-421.5655	0.6611179	1.103658	1.103658	1.103658	1.103658	1.103658	1.103658	0.02444443
21580	-421.3219	-422.1887	0.8667185	0.7890724	0.7890724	0.7890724	0.7890724	0.7890724	0.7890724	0.03000334
21590	-421.6226	-421.3529	-0.2697049	1.58054	1.58054	1.58054	1.58054	1.58054	1.58054	0.02426118
21600	-420.4292	-421.244	0.8148309	0.9476338	0.9476338	0.9476338	0.9476338	0.9476338	0.9476338	0.0267086
21610	-420.9811	-420.6066	-0.3745073	1.586277	1.586277	1.586277	1.586277	1.586277	1.586277	0.02661788
21620	-421.1694	-422.1628	0.9933994	0.8995244	0.8995244	0.8995244	0.8995244	0.8995244	0.8995244	0.02375828
21630	-420.7107	-420.7309	0.02015535	1.365075	1.365075	1.365075	1.365075	1.365075	1.365075	0.02833929
21640	-423.5172	-421.057	-2.460155	2.50626	2.50626	2.50626	2.50626	2.50626	2.50626	0.03052461
21650	-420.5615	-420.8758	0.314328	1.217051	1.217051	1.217051	1.217051	1.217051	1.217051	0.02818466
21660	-420.701	-420.9695	0.2684769	1.289916	1.289916	1.289916	1.289916	1.289916	1.289916	0.02566067
21670	-421.2294	-420.4989	-0.7305321	1.742087	1.742087	1.742087	1.742087	1.742087	1.742087	0.02729194
21680	-420.518	-420.8035	0.2854475	1.257213	1.257213	1.257213	1.257213	1.257213	1.257213	0.02687886
21690	-421.8367	-422.721	0.8842823	0.702232	0.702232	0.702232	0.702232	0.702232	0.702232	0.03059891
21700	-420.7749	-421.7281	0.9532282	0.7586923	0.7586923	0.7586923	0.7586923	0.7586923	0.7586923	0.02803363
21710	-420.7767	-421.539	0.7622991	1.035973	1.035973	1.035973	1.035973	1.035973	1.035973	0.02470767
21720	-420.8915	-421.4489	0.5574682	1.049804	1.049804	1.049804	1.049804	1.049804	1.049804	0.02966075
21730	-420.5421	-421.0169	0.474854	1.175235	1.175235	1.175235	1.175235	1.175235	1.175235	0.02593832
21740	-425.2048	-423.3764	-1.828324	2.362854	2.362854	2.362854	2.362854	2.362854	2.362854	0.02186065
21750	-422.3005	-422.851	0.550428	0.9969278	0.9969278	0.9969278	0.9969278	0.9969278	0.9969278	0.03243021
21760	-420.4851	-420.8772	0.3921135	1.184898	1.184898	1.184898	1.184898	1.184898	1.184898	0.02768128
21770	-421.0873	-422.0246	0.9373271	0.7209625	0.7209625	0.7209625	0.7209625	0.7209625	0.7209625	0.02891236
21780	-420.7917	-421.1186	0.326981	1.269032	1.269032	1.269032	1.269032	1.269032	1.269032	0.02520465
21790	-422.2123	-420.635	-1.577233	2.103985	2.103985	2.103985	2.103985	2.103985	2.103985	0.02936574
21800	-421.09	-420.9675	-0.1224473	1.491223	1.491223	1.491223	1.491223	1.491223	1.491223	0.02524476
21810	-420.8691	-420.5704	-0.2987688	1.529406	1.529406	1.529406	1.529406	1.529406	1.529406	0.02780806
21820	-422.3519	-422.6088	0.256871	1.168373	1.168373	1.168373	1.168373	1.168373	1.168373	0.03266165
21830	-421.4562	-421.0348	-0.4213406	1.545745	1.545745	1.545745	1.545745	1.545745	1.545745	0.03037659
21840	-420.4796	-420.9042	0.4246441	1.189504	1.189504	1.189504	1.189504	1.189504	1.189504	0.02656896
21850	-420.7339	-421.7439	1.010076	0.8347938	0.8347938	0.8347938	0.8347938	0.8347938	0.8347938	0.02504041
21860	-421.9291	-422.3537	0.4245799	1.269096	1.269096	1.269096	1.269096	1.269096	1.269096	0.02285812
21870	-422.2258	-423.0039	0.7780978	1.091238	1.091238	1.091238	1.091238	1.091238	1.091238	0.02221146
21880	-420.5447	-421.3366	0.7919444	0.9949506	0.9949506	0.9949506	0.9949506	0.9949506	0.9949506	0.02554699
21890	-422.6213	-422.715	0.09364945	1.249003	1.249003	1.249003	1.249003	1.249003	1.249003	0.03307838
21900	-421.1332	-420.7494	-0.383829	1.544562	1.544562	1.544562	1.544562	1.544562	1.544562	0.02933089
21910	-420.6887	-421.0213	0.3326767	1.193471	1.193471	1.193471	1.193471	1.193471	1.193471	0.02891564
21920	-421.418	-421.9932	0.5752218	1.174502	1.174502	1.174502	1.174502	1.174502	1.174502	0.02349274
21930	-421.1262	-420.8702	-0.2559463	1.47833	1.47833	1.47833	1.47833	1.47833	1.47833	0.02963252
21940	-420.4162	-421.1784	0.7621936	0.9796384	0.9796384	0.9796384	0.9796384	0.9796384	0.9796384	0.02691651
21950	-420.4565	-421.3234	0.8669048	0.9161136	0.9161136	0.9161136	0.9161136	0.9161136	0.9161136	0.02641909
21960	-421.5348	-420.9389	-0.5958323	1.630332	1.630332	1.630332	1.630332	1.630332	1.630332	0.030258
21970	-420.8337	-421.0627	0.2290074	1.240216	1.240216	1.240216	1.240216	1.240216	1.240216	0.0293793
21980	-421.2016	-422.2496	1.048081	0.6036932	0.6036932	0.6036932	0.6036932	0.6036932	0.6036932	0.0251398
21990	-423.845	-423.3453	-0.4997463	0.2882436	0.2882436	0.2882436	0.2882436	0.2882436	0.2882436	0.02699826
22000	-420.8996	-420.8596	-0.03997259	1.379947	1.379947	1.379947	1.379947	1.379947	1.379947	0.02920678
22010	-420.8547	-421.7633	0.9085443	0.7933801	0.7933801	0.7933801	0.7933801	0.7933801	0.7933801	0.0286862
22020	-421.0659	-420.525	-0.5409389	1.654506	1.654506	1.654506	1.654506	1.654506	1.654506	0.02720982
22030	-420.5513	-421.4797	0.9284311	0.8876801	0.8876801	0.8876801	0.8876801	0.8876801	0.8876801	0.02570836
22040	-422.7624	-421.9964	-0.7659134	1.834631	1.834631	1.834631	1.834631	1.834631	1.834631	0.0231977
22050	-420.6732	-421.4383	0.7650968	1.02595	1.02595	1.02595	1.02595	1.02595	1.02595	0.02503021
22060	-420.509	-421.4177	0.9086607	0.8959342	0.8959342	0.8959342	0.8959342	0.8959342	0.8959342	0.02597002
22070	-421.1063	-420.513	-0.593291	1.666373	1.666373	1.666373	1.666373	1.666373	1.666373	0.02795829
22080	-421.0112	-421.4548	0.4436095	1.224314	1.224314	1.224314	1.224314	1.224314	1.224314	0.02443033
22090	-421.5819	-420.8089	-0.7730183	1.792945	1.792945	1.792945	1.792945	1.792945	1.792945	0.02554308
22100	-421.1993	-420.9124	-0.2869338	1.568336	1.568336	1.568336	1.568336	1.568336	1.568336	0.02532532
22110	-421.3585	-422.4123	1.053853	0.5904567	0.5904567	0.5904567	0.5904567	0.5904567	0.5904567	0.02468502
22120	-420.4884	-421.1935	0.7050933	1.042573	1.042573	1.042573	1.042573	1.042573	1.042573	0.02588889
22130	-421.4608	-422.3295	0.8687007	0.5274139	0.5274139	0.5274139	0.5274139	0.5274139	0.5274139	0.0270386
22140	-421.1573	-421.1321	-0.02525274	1.451973	1.451973	1.451973	1.451973	1.451973	1.451973	0.02484473
22150	-421.5422	-421.2004	-0.3417466	1.608754	1.608754	1.608754	1.608754	1.608754	1.608754	0.02456579
22160	-421.781	-422.1965	0.4155567	1.095815	1.095815	1.095815	1.095815	1.095815	1.095815	0.03167011
22170	-424.8368	-421.245	-3.591772	3.108466	3.108466	3.108466	3.108466	3.108466	3.108466	0.02830392
22180	-421.2264	-421.4346	0.2081666	1.348336	1.348336	1.348336	1.348336	1.348336	1.348336	0.02428359
22190	-420.8865	-421.9498	1.063318	0.6802432	0.6802432	0.6802432	0.6802432	0.6802432	0.6802432	0.02560126
22200	-420.7083	-421.6706	0.9623011	0.8826492	0.8826492	0.8826492	0.8826492	0.8826492	0.8826492	0.02499556
22210	-420.6368	-421.5162	0.8794003	0.8495751	0.8495751	0.8495751	0.8495751	0.8495751	0.8495751	0.02813178
22220	-422.8683	-421.1562	-1.712108	2.138532	2.138532	2.138532	2.138532	2.138532	2.138532	0.03122707
22230	-420.7406	-421.1412	0.4005918	1.151265	1.151265	1.151265	1.151265	1.151265	1.151265	0.02917625
22240	-421.1033	-421.8324	0.7291248	1.075569	1.075569	1.075569	1.075569	1.075569	1.075569	0.02394855
22250	-420.564	-421.21	0.6459787	1.020597	1.020597	1.020597	1.020597	1.020597	1.020597	0.02843244
22260	-421.394	-422.4831	1.089107	0.8219239	0.8219239	0.8219239	0.8219239	0.8219239	0.8219239	0.02340759
22270	-422.4649	-423.5588	1.093989	0.5529876	0.5529876	0.5529876	0.5529876	0.5529876	0.5529876	0.022593
22280	-420.8544	-420.9264	0.07195546	1.323483	1.323483	1.323483	1.323483	1.323483	1.323483	0.02923796
22290	-421.4666	-420.5174	-0.9491956	1.850297	1.850297	1.850297	1.850297	1.850297	1.850297	0.02694495
22300	-420.6434	-421.5539	0.9105186	0.8230588	0.8230588	0.8230588	0.8230588	0.8230588	0.8230588	0.02795671
22310	-420.5472	-420.7709	0.2237468	1.274619	1.274619	1.274619	1.274619	1.274619	1.274619	0.02764512
22320	-422.8003	-422.822	0.02171357	1.484157	1.484157	1.484157	1.484157	1.484157	1.484157	0.02217866
22330	-421.1616	-421.5081	0.3464761	1.279421	1.279421	1.279421	1.279421	1.279421	1.279421	0.0242254
22340	-420.5853	-421.0873	0.5020068	1.105603	1.105603	1.105603	1.105603	1.105603	1.105603	0.02856471
22350	-423.9497	-424.7509	0.8011526	0.4306867	0.4306867	0.4306867	0.4306867	0.4306867	0.4306867	0.02150191
22360	-422.2359	-420.6174	-1.618544	2.168649	2.168649	2.168649	2.168649	2.168649	2.168649	0.02667788
22370	-421.0126	-420.5947	-0.4178674	1.574428	1.574428	1.574428	1.574428	1.574428	1.574428	0.02850035
22380	-420.8169	-421.6938	0.8768697	0.8284371	0.8284371	0.8284371	0.8284371	0.8284371	0.8284371	0.02877551
22390	-420.8215	-420.7554	-0.0660311	1.447452	1.447452	1.447452	1.447452	1.447452	1.447452	0.02612087
22400	-421.3228	-421.0988	-0.2239631	1.451677	1.451677	1.451677	1.451677	1.451677	1.451677	0.03032483
22410	-422.1702	-422.7444	0.5741811	0.9855709	0.9855709	0.9855709	0.9855709	0.9855709	0.9855709	0.03220494
22420	-420.6684	-421.6907	1.022254	0.7472641	0.7472641	0.7472641	0.7472641	0.7472641	0.7472641	0.02630919
22430	-420.4916	-421.4053	0.9136553	0.8614365	0.8614365	0.8614365	0.8614365	0.8614365	0.8614365	0.02685639
22440	-421.6881	-422.6461	0.9580517	0.9569684	0.9569684	0.9569684	0.9569684	0.9569684	0.9569684	0.02285062
22450	-420.448	-420.926	0.4780295	1.141931	1.141931	1.141931	1.141931	1.141931	1.141931	0.02745591
22460	-421.0265	-422.1257	1.099182	0.7273511	0.7273511	0.7273511	0.7273511	0.7273511	0.7273511	0.02454652
22470	-420.5422	-420.8216	0.2794332	1.240856	1.240856	1.240856	1.240856	1.240856	1.240856	0.02790053
22480	-420.7669	-420.8151	0.04821848	1.394006	1.394006	1.394006	1.394006	1.394006	1.394006	0.02599077
22490	-427.1913	-422.236	-4.955304	3.829702	3.829702	3.829702	3.829702	3.829702	3.829702	0.0287861
22500	-422.8389	-420.72	-2.118839	2.404716	2.404716	2.404716	2.404716	2.404716	2.404716	0.02678496
22510	-422.3905	-422.1156	-0.2748638	1.441881	1.441881	1.441881	1.441881	1.441881	1.441881	0.03255812
22520	-420.5001	-421.0269	0.5268514	1.143385	1.143385	1.143385	1.143385	1.143385	1.143385	0.02608011
22530	-421.77	-420.8881	-0.8819768	1.763998	1.763998	1.763998	1.763998	1.763998	1.763998	0.0303023
22540	-422.7288	-422.7413	0.0124859	1.486642	1.486642	1.486642	1.486642	1.486642	1.486642	0.0222691
22550	-420.5719	-421.5582	0.9863104	0.8109265	0.8109265	0.8109265	0.8109265	0.8109265	0.8109265	0.02618358
22560	-420.4264	-421.1619	0.7355257	1.009822	1.009822	1.009822	1.009822	1.009822	1.009822	0.02643116
22570	-422.5222	-420.6077	-1.914426	2.272079	2.272079	2.272079	2.272079	2.272079	2.272079	0.02882446
22580	-420.5471	-420.9515	0.4043218	1.166831	1.166831	1.166831	1.166831	1.166831	1.166831	0.02826294
22590	-422.0344	-423.203	1.168647	0.7691119	0.7691119	0.7691119	0.7691119	0.7691119	0.7691119	0.02247089
22600	-421.573	-420.4746	-1.098325	1.902086	1.902086	1.902086	1.902086	1.902086	1.902086	0.02799565
22610	-421.1891	-420.6535	-0.5356076	1.620774	1.620774	1.620774	1.620774	1.620774	1.620774	0.02907219
22620	-423.7569	-423.4337	-0.3231341	1.662131	1.662131	1.662131	1.662131	1.662131	1.662131	0.0215327
22630	-420.4943	-421.336	0.8416649	0.9024778	0.9024778	0.9024778	0.9024778	0.9024778	0.9024778	0.02755312
22640	-421.6809	-421.88	0.1990963	1.369924	1.369924	1.369924	1.369924	1.369924	1.369924	0.02346595
22650	-423.1257	-423.9015	0.7757428	0.7809278	0.7809278	0.7809278	0.7809278	0.7809278	0.7809278	0.0330427
22660	-420.7935	-421.441	0.6474867	0.9999058	0.9999058	0.9999058	0.9999058	0.9999058	0.9999058	0.02929968
22670	-421.8468	-420.8936	-0.9532779	1.796496	1.796496	1.796496	1.796496	1.796496	1.796496	0.03035711
22680	-420.9635	-420.9421	-0.02135985	1.365807	1.365807	1.365807	1.365807	1.365807	1.365807	0.02949712
22690	-421.5659	-421.6401	0.07412036	1.424045	1.424045	1.424045	1.424045	1.424045	1.424045	0.02382234
22700	-420.4887	-421.4062	0.9174908	0.8641289	0.8641289	0.8641289	0.8641289	0.8641289	0.8641289	0.02667775
22710	-421.7259	-420.4811	-1.244802	1.977829	1.977829	1.977829	1.977829	1.977829	1.977829	0.02756308
22720	-421.4783	-422.3189	0.8405775	1.025961	1.025961	1.025961	1.025961	1.025961	1.025961	0.02321005
22730	-420.6995	-420.7296	0.03011408	1.39388	1.39388	1.39388	1.39388	1.39388	1.39388	0.0264724
22740	-424.9138	-422.1139	-2.799862	2.633807	2.633807	2.633807	2.633807	2.633807	2.633807	0.03299721
22750	-422.6147	-421.8247	-0.7900023	1.840864	1.840864	1.840864	1.840864	1.840864	1.840864	0.0234483
22760	-420.8479	-421.0871	0.2391839	1.233767	1.233767	1.233767	1.233767	1.233767	1.233767	0.02944042
22770	-421.5871	-422.7416	1.154471	0.7148858	0.7148858	0.7148858	0.7148858	0.7148858	0.7148858	0.02330344
22780	-421.1758	-420.8459	-0.3299092	1.5851	1.5851	1.5851	1.5851	1.5851	1.5851	0.02552016
22790	-422.4556	-421.4672	-0.988386	1.790536	1.790536	1.790536	1.790536	1.790536	1.790536	0.03184526
22800	-420.9233	-421.3923	0.4689557	1.206907	1.206907	1.206907	1.206907	1.206907	1.206907	0.02460973
22810	-420.6127	-420.7562	0.1434533	1.308754	1.308754	1.308754	1.308754	1.308754	1.308754	0.02802376
22820	-425.9734	-426.6919	0.7185444	0.6303751	0.6303751	0.6303751	0.6303751	0.6303751	0.6303751	0.03561204
22830	-421.718	-421.4173	-0.3007096	1.597796	1.597796	1.597796	1.597796	1.597796	1.597796	0.02413048
22840	-420.4401	-421.2788	0.8386637	0.93411	0.93411	0.93411	0.93411	0.93411	0.93411	0.02655474
22850	-420.7338	-420.8546	0.120802	1.359427	1.359427	1.359427	1.359427	1.359427	1.359427	0.02591829
22860	-420.6456	-420.9315	0.285929	1.223474	1.223474	1.223474	1.223474	1.223474	1.223474	0.02864821
22870	-421.715	-422.4817	0.7667275	0.4844931	0.4844931	0.4844931	0.4844931	0.4844931	0.4844931	0.02697556
22880	-421.1092	-422.2152	1.10595	0.7443344	0.7443344	0.7443344	0.7443344	0.7443344	0.7443344	0.02422795
22890	-420.5566	-421.3045	0.747849	1.025122	1.025122	1.025122	1.025122	1.025122	1.025122	0.0254986
22900	-420.9944	-420.7051	-0.2893891	1.505405	1.505405	1.505405	1.505405	1.505405	1.505405	0.02896401
22910	-420.518	-421.4352	0.9172092	0.8899483	0.8899483	0.8899483	0.8899483	0.8899483	0.8899483	0.02593033
22920	-423.0926	-420.7399	-2.352717	2.478068	2.478068	2.478068	2.478068	2.478068	2.478068	0.02906058
22930	-420.8513	-421.9239	1.072692	0.7402455	0.7402455	0.7402455	0.7402455	0.7402455	0.7402455	0.02508978
22940	-420.9531	-421.8787	0.925644	0.7603944	0.7603944	0.7603944	0.7603944	0.7603944	0.7603944	0.02879186
22950	-421.424	-422.4308	1.006844	0.9052991	0.9052991	0.9052991	0.9052991	0.9052991	0.9052991	0.02327817
22960	-420.6473	-421.6063	0.9590304	0.7814678	0.7814678	0.7814678	0.7814678	0.7814678	0.7814678	0.02749925
22970	-422.1129	-423.3028	1.189948	0.6803719	0.6803719	0.6803719	0.6803719	0.6803719	0.6803719	0.02255642
22980	-420.4096	-421.1162	0.7066563	1.017781	1.017781	1.017781	1.017781	1.017781	1.017781	0.02687529
22990	-422.7447	-423.6819	0.9372768	1.011159	1.011159	1.011159	1.011159	1.011159	1.011159	0.02155812
23000	-422.9024	-423.4409	0.5385043	1.238603	1.238603	1.238603	1.238603	1.238603	1.238603	0.02162527
23010	-420.8859	-421.4595	0.5735664	1.150455	1.150455	1.150455	1.150455	1.150455	1.150455	0.0245775
23020	-422.449	-423.0173	0.568377	0.9805369	0.9805369	0.9805369	0.9805369	0.9805369	0.9805369	0.03263074
23030	-420.7633	-420.6054	-0.157916	1.46612	1.46612	1.46612	1.46612	1.46612	1.46612	0.02755304
23040	-421.476	-422.529	1.052972	0.8676225	0.8676225	0.8676225	0.8676225	0.8676225	0.8676225	0.02321088
23050	-420.619	-420.7977	0.1786357	1.287146	1.287146	1.287146	1.287146	1.287146	1.287146	0.02822493
23060	-421.262	-421.0639	-0.1981335	1.441321	1.441321	1.441321	1.441321	1.441321	1.441321	0.03018806
23070	-420.9806	-420.5341	-0.446542	1.60718	1.60718	1.60718	1.60718	1.60718	1.60718	0.02737082
23080	-420.6843	-421.3549	0.6705971	0.9934673	0.9934673	0.9934673	0.9934673	0.9934673	0.9934673	0.02890661
23090	-422.2143	-421.0738	-1.140556	1.976851	1.976851	1.976851	1.976851	1.976851	1.976851	0.0248864
23100	-420.4204	-421.1754	0.7549527	0.9793319	0.9793319	0.9793319	0.9793319	0.9793319	0.9793319	0.02712414
23110	-420.6851	-421.6779	0.9928216	0.7445255	0.7445255	0.7445255	0.7445255	0.7445255	0.7445255	0.02712764
23120	-420.8929	-421.3735	0.4806417	1.095533	1.095533	1.095533	1.095533	1.095533	1.095533	0.02968878
23130	-420.9788	-421.8331	0.8543374	0.8323912	0.8323912	0.8323912	0.8323912	0.8323912	0.8323912	0.02932539
23140	-420.4144	-421.0162	0.6017516	1.081466	1.081466	1.081466	1.081466	1.081466	1.081466	0.02693501
23150	-420.713	-420.7174	0.004408635	1.373764	1.373764	1.373764	1.373764	1.373764	1.373764	0.02828979
23160	-420.9612	-420.6178	-0.3434283	1.572272	1.572272	1.572272	1.572272	1.572272	1.572272	0.02657622
23170	-423.0933	-423.7494	0.6560768	0.8975336	0.8975336	0.8975336	0.8975336	0.8975336	0.8975336	0.03336906
23180	-422.1522	-420.5213	-1.630867	2.147133	2.147133	2.147133	2.147133	2.147133	2.147133	0.02826967
23190	-420.9414	-422.0015	1.060099	0.6599326	0.6599326	0.6599326	0.6599326	0.6599326	0.6599326	0.02560463
23200	-420.8881	-420.589	-0.2991192	1.544986	1.544986	1.544986	1.544986	1.544986	1.544986	0.02692465
23210	-420.662	-420.9777	0.3156837	1.205263	1.205263	1.205263	1.205263	1.205263	1.205263	0.02877419
23220	-420.725	-420.8671	0.1421615	1.295734	1.295734	1.295734	1.295734	1.295734	1.295734	0.0287864
23230	-421.3773	-422.4713	1.094009	0.6193878	0.6193878	0.6193878	0.6193878	0.6193878	0.6193878	0.02430108
23240	-420.6548	-420.7581	0.1032934	1.325335	1.325335	1.325335	1.325335	1.325335	1.325335	0.02823211
23250	-420.7342	-420.9854	0.2512285	1.300605	1.300605	1.300605	1.300605	1.300605	1.300605	0.02556671
23260	-421.5817	-421.0291	-0.552654	1.606336	1.606336	1.606336	1.606336	1.606336	1.606336	0.03048925
23270	-421.68	-421.4039	-0.2761565	1.463783	1.463783	1.463783	1.463783	1.463783	1.463783	0.0311615
23280	-421.1604	-422.0067	0.846274	0.8242017	0.8242017	0.8242017	0.8242017	0.8242017	0.8242017	0.02978179
23290	-421.4923	-422.4481	0.955865	0.9488651	0.9488651	0.9488651	0.9488651	0.9488651	0.9488651	0.0231566
23300	-422.0967	-421.6526	-0.4441935	1.673913	1.673913	1.673913	1.673913	1.673913	1.673913	0.02370251
23310	-425.3263	-421.673	-3.653274	3.094034	3.094034	3.094034	3.094034	3.094034	3.094034	0.0309555
23320	-420.8208	-420.977	0.1562705	1.350554	1.350554	1.350554	1.350554	1.350554	1.350554	0.0254639
23330	-421.0665	-420.9623	-0.1041435	1.481875	1.481875	1.481875	1.481875	1.481875	1.481875	0.02527258
23340	-421.6763	-422.5164	0.8401868	0.5391615	0.5391615	0.5391615	0.5391615	0.5391615	0.5391615	0.02844976
23350	-420.4172	-421.0036	0.5863473	1.091413	1.091413	1.091413	1.091413	1.091413	1.091413	0.02689827
23360	-421.7384	-422.4225	0.6841054	0.9254537	0.9254537	0.9254537	0.9254537	0.9254537	0.9254537	0.0313439
23370	-422.7166	-421.6157	-1.100975	1.837936	1.837936	1.837936	1.837936	1.837936	1.837936	0.03220234
23380	-421.8448	-421.3626	-0.4821928	1.560831	1.560831	1.560831	1.560831	1.560831	1.560831	0.03127591
23390	-420.5119	-420.7907	0.2787238	1.253801	1.253801	1.253801	1.253801	1.253801	1.253801	0.02723805
23400	-421.1421	-422.1602	1.018177	0.8751671	0.8751671	0.8751671	0.8751671	0.8751671	0.8751671	0.02383597
23410	-420.6509	-421.6604	1.009411	0.7525096	0.7525096	0.7525096	0.7525096	0.7525096	0.7525096	0.02658437
23420	-423.1785	-423.8595	0.6810183	0.5080737	0.5080737	0.5080737	0.5080737	0.5080737	0.5080737	0.03126784
23430	-421.433	-421.3668	-0.0661251	1.482654	1.482654	1.482654	1.482654	1.482654	1.482654	0.02429053
23440	-420.4774	-421.2197	0.7422698	1.017556	1.017556	1.017556	1.017556	1.017556	1.017556	0.02594402
23450	-422.8398	-420.7853	-2.054531	2.381606	2.381606	2.381606	2.381606	2.381606	2.381606	0.02635674
23460	-421.0769	-421.0956	0.01870264	1.428156	1.428156	1.428156	1.428156	1.428156	1.428156	0.02496871
23470	-420.7268	-420.6501	-0.07672477	1.419819	1.419819	1.419819	1.419819	1.419819	1.419819	0.02794142
23480	-421.2629	-420.9142	-0.3486268	1.59818	1.59818	1.59818	1.59818	1.59818	1.59818	0.02529435
23490	-420.7888	-420.9645	0.1757512	1.339391	1.339391	1.339391	1.339391	1.339391	1.339391	0.02553551
23500	-420.7183	-421.0028	0.2845461	1.283831	1.283831	1.283831	1.283831	1.283831	1.283831	0.02555297
23510	-420.4719	-420.9141	0.4422296	1.157158	1.157158	1.157158	1.157158	1.157158	1.157158	0.02769162
23520	-423.048	-421.0809	-1.967077	2.263393	2.263393	2.263393	2.263393	2.263393	2.263393	0.03094356
23530	-420.914	-421.9174	1.003406	0.6561289	0.6561289	0.6561289	0.6561289	0.6561289	0.6561289	0.02707094
23540	-420.6809	-421.7137	1.032799	0.769098	0.769098	0.769098	0.769098	0.769098	0.769098	0.02574079
23550	-420.5404	-420.873	0.3326483	1.209556	1.209556	1.209556	1.209556	1.209556	1.209556	0.02806438
23560	-420.4353	-420.9458	0.5105134	1.126158	1.126158	1.126158	1.126158	1.126158	1.126158	0.02732925
23570	-420.5103	-421.3919	0.8816762	0.9216519	0.9216519	0.9216519	0.9216519	0.9216519	0.9216519	0.02585009
23580	-420.5016	-421.2889	0.7872721	0.9918362	0.9918362	0.9918362	0.9918362	0.9918362	0.9918362	0.02578548
23590	-422.8441	-423.6183	0.7741625	0.7974095	0.7974095	0.7974095	0.7974095	0.7974095	0.7974095	0.03271513
23600	-420.7574	-421.0357	0.2782247	1.289773	1.289773	1.289773	1.289773	1.289773	1.289773	0.02541889
23610	-421.0937	-421.426	0.3323036	1.169516	1.169516	1.169516	1.169516	1.169516	1.169516	0.03022569
23620	-420.6201	-421.625	1.004846	0.7705123	0.7705123	0.7705123	0.7705123	0.7705123	0.7705123	0.02644844
23630	-424.2881	-424.0049	-0.2831904	1.40698	1.40698	1.40698	1.40698	1.40698	1.40698	0.03526085
23640	-421.5675	-422.2097	0.6422352	0.9623699	0.9623699	0.9623699	0.9623699	0.9623699	0.9623699	0.03110221
23650	-420.5853	-421.408	0.8227033	0.9789884	0.9789884	0.9789884	0.9789884	0.9789884	0.9789884	0.02535992
23660	-426.3557	-423.7436	-2.612082	2.503593	2.503593	2.503593	2.503593	2.503593	2.503593	0.03572919
23670	-423.2208	-422.8898	-0.3309812	1.450516	1.450516	1.450516	1.450516	1.450516	1.450516	0.03383096
23680	-420.4544	-421.1204	0.6660385	1.023706	1.023706	1.023706	1.023706	1.023706	1.023706	0.02773351
23690	-421.2468	-422.1889	0.942154	0.6583112	0.6583112	0.6583112	0.6583112	0.6583112	0.6583112	0.02879802
23700	-422.5696	-422.8259	0.2562463	1.163129	1.163129	1.163129	1.163129	1.163129	1.163129	0.03299426
23710	-420.898	-420.7413	-0.1567295	1.492171	1.492171	1.492171	1.492171	1.492171	1.492171	0.02607382
23720	-420.8934	-421.6152	0.7218532	1.068122	1.068122	1.068122	1.068122	1.068122	1.068122	0.02442311
23730	-420.535	-421.3837	0.8486803	0.8893259	0.8893259	0.8893259	0.8893259	0.8893259	0.8893259	0.02778967
23740	-420.6486	-421.6641	1.015558	0.7562427	0.7562427	0.7562427	0.7562427	0.7562427	0.7562427	0.02637279
23750	-422.6017	-423.1143	0.5125961	1.244091	1.244091	1.244091	1.244091	1.244091	1.244091	0.02196205
23760	-420.7738	-421.7793	1.005479	0.7055787	0.7055787	0.7055787	0.7055787	0.7055787	0.7055787	0.02709404
23770	-421.6455	-421.099	-0.5464664	1.701327	1.701327	1.701327	1.701327	1.701327	1.701327	0.02476634
23780	-421.3957	-422.3376	0.9419616	0.5389143	0.5389143	0.5389143	0.5389143	0.5389143	0.5389143	0.02568531
23790	-424.3239	-422.9259	-1.397997	1.944251	1.944251	1.944251	1.944251	1.944251	1.944251	0.03451801
23800	-422.7288	-421.1873	-1.541538	2.167073	2.167073	2.167073	2.167073	2.167073	2.167073	0.02478326
23810	-420.5983	-421.1709	0.5726349	1.062214	1.062214	1.062214	1.062214	1.062214	1.062214	0.02863036
23820	-420.73	-420.8854	0.1553356	1.343824	1.343824	1.343824	1.343824	1.343824	1.343824	0.02583277
23830	-421.2824	-421.7728	0.4904256	1.070553	1.070553	1.070553	1.070553	1.070553	1.070553	0.03065937
23840	-420.6905	-421.7083	1.017846	0.8130739	0.8130739	0.8130739	0.8130739	0.8130739	0.8130739	0.02532604
23850	-421.5204	-422.4048	0.8843875	0.7460329	0.7460329	0.7460329	0.7460329	0.7460329	0.7460329	0.0302148
23860	-420.9115	-420.6348	-0.2766196	1.540963	1.540963	1.540963	1.540963	1.540963	1.540963	0.02654864
23870	-420.5306	-421.4867	0.9561328	0.8279752	0.8279752	0.8279752	0.8279752	0.8279752	0.8279752	0.02659379
23880	-421.136	-422.1661	1.030126	0.6022715	0.6022715	0.6022715	0.6022715	0.6022715	0.6022715	0.0255637
23890	-421.3614	-422.4159	1.054506	0.5906028	0.5906028	0.5906028	0.5906028	0.5906028	0.5906028	0.0246726
23900	-421.3769	-420.5182	-0.8587793	1.807934	1.807934	1.807934	1.807934	1.807934	1.807934	0.02695204
23910	-420.694	-420.6836	-0.01042649	1.38574	1.38574	1.38574	1.38574	1.38574	1.38574	0.0280262
23920	-421.2193	-420.513	-0.706347	1.714692	1.714692	1.714692	1.714692	1.714692	1.714692	0.02824377
23930	-420.5916	-421.4996	0.9080239	0.9144178	0.9144178	0.9144178	0.9144178	0.9144178	0.9144178	0.02540868
23940	-420.6204	-420.7775	0.157106	1.299401	1.299401	1.299401	1.299401	1.299401	1.299401	0.02815636
23950	-421.4903	-421.5724	0.08211797	1.287656	1.287656	1.287656	1.287656	1.287656	1.287656	0.03105406
23960	-421.9996	-420.5693	-1.430371	2.078067	2.078067	2.078067	2.078067	2.078067	2.078067	0.0267928
23970	-420.4766	-420.9463	0.4697125	1.167884	1.167884	1.167884	1.167884	1.167884	1.167884	0.0264234
23980	-421.7043	-421.7618	0.05748252	1.293139	1.293139	1.293139	1.293139	1.293139	1.293139	0.03148963
23990	-421.2096	-421.9097	0.7000945	0.9392234	0.9392234	0.9392234	0.9392234	0.9392234	0.9392234	0.03029605
24000	-420.8272	-420.7194	-0.1078343	1.422782	1.422782	1.422782	1.422782	1.422782	1.422782	0.02865024
24010	-421.7861	-421.0494	-0.7366167	1.788246	1.788246	1.788246	1.788246	1.788246	1.788246	0.02487885
24020	-421.3969	-420.4757	-0.9211715	1.825269	1.825269	1.825269	1.825269	1.825269	1.825269	0.02764242
24030	-420.5468	-421.3723	0.8255284	0.9036612	0.9036612	0.9036612	0.9036612	0.9036612	0.9036612	0.02796129
24040	-421.3571	-420.8383	-0.5188384	1.675038	1.675038	1.675038	1.675038	1.675038	1.675038	0.02547848
24050	-420.9665	-420.6416	-0.3249894	1.566025	1.566025	1.566025	1.566025	1.566025	1.566025	0.02643592
24060	-420.4127	-421.155	0.7422987	0.9950305	0.9950305	0.9950305	0.9950305	0.9950305	0.9950305	0.02684411
24070	-422.7517	-422.1758	-0.5759309	1.751045	1.751045	1.751045	1.751045	1.751045	1.751045	0.02293941
24080	-420.4692	-421.2221	0.7529171	1.009137	1.009137	1.009137	1.009137	1.009137	1.009137	0.02600259
24090	-422.2666	-420.7932	-1.473468	2.116023	2.116023	2.116023	2.116023	2.116023	2.116023	0.02580237
24100	-421.6319	-421.6571	0.02526482	1.448805	1.448805	1.448805	1.448805	1.448805	1.448805	0.02377543
24110	-421.5475	-422.5867	1.039117	0.8852024	0.8852024	0.8852024	0.8852024	0.8852024	0.8852024	0.02308021
24120	-420.7562	-420.7398	-0.01635568	1.419988	1.419988	1.419988	1.419988	1.419988	1.419988	0.02629548
24130	-422.112	-420.5158	-1.596188	2.141805	2.141805	2.141805	2.141805	2.141805	2.141805	0.02761664
24140	-421.9431	-423.1222	1.179056	0.7226432	0.7226432	0.7226432	0.7226432	0.7226432	0.7226432	0.02269363
24150	-420.5609	-420.7731	0.21214	1.296978	1.296978	1.296978	1.296978	1.296978	1.296978	0.02677553
24160	-423.2342	-423.5327	0.298451	1.364517	1.364517	1.364517	1.364517	1.364517	1.364517	0.02147903
24170	-421.4268	-421.3941	-0.03268176	1.349528	1.349528	1.349528	1.349528	1.349528	1.349528	0.03082315
24180	-423.7751	-422.0397	-1.735387	2.121513	2.121513	2.121513	2.121513	2.121513	2.121513	0.03313921
24190	-424.5579	-421.4741	-3.083746	2.903415	2.903415	2.903415	2.903415	2.903415	2.903415	0.02547258
24200	-423.3197	-420.7573	-2.562429	2.592676	2.592676	2.592676	2.592676	2.592676	2.592676	0.02830608
24210	-425.007	-424.5612	-0.4457819	1.74125	1.74125	1.74125	1.74125	1.74125	1.74125	0.02056579
24220	-422.1934	-422.4162	0.2227691	1.374544	1.374544	1.374544	1.374544	1.374544	1.374544	0.02270458
24230	-421.3741	-420.6936	-0.680483	1.683275	1.683275	1.683275	1.683275	1.683275	1.683275	0.02942807
24240	-420.4145	-421.1182	0.7036707	1.025269	1.025269	1.025269	1.025269	1.025269	1.025269	0.02664424
24250	-421.5531	-421.0239	-0.5292005	1.689743	1.689743	1.689743	1.689743	1.689743	1.689743	0.02495057
24260	-420.9904	-420.655	-0.3354277	1.530809	1.530809	1.530809	1.530809	1.530809	1.530809	0.02876183
24270	-420.4353	-421.1741	0.7387771	0.9829973	0.9829973	0.9829973	0.9829973	0.9829973	0.9829973	0.0274202
24280	-421.0443	-420.6079	-0.4363828	1.580923	1.580923	1.580923	1.580923	1.580923	1.580923	0.02863834
24290	-421.0269	-421.9883	0.9613628	0.6879786	0.6879786	0.6879786	0.6879786	0.6879786	0.6879786	0.02835511
24300	-421.1266	-422.1029	0.9763381	0.5918776	0.5918776	0.5918776	0.5918776	0.5918776	0.5918776	0.02671326
24310	-420.5214	-421.014	0.4925338	1.118475	1.118475	1.118475	1.118475	1.118475	1.118475	0.02820125
24320	-420.6581	-421.3486	0.6905446	0.9828037	0.9828037	0.9828037	0.9828037	0.9828037	0.9828037	0.02878327
24330	-420.4395	-421.071	0.6314242	1.04845	1.04845	1.04845	1.04845	1.04845	1.04845	0.02760649
24340	-423.3424	-420.8023	-2.540084	2.568468	2.568468	2.568468	2.568468	2.568468	2.568468	0.02908946
24350	-420.4746	-421.376	0.9013657	0.8849465	0.8849465	0.8849465	0.8849465	0.8849465	0.8849465	0.02649667
24360	-420.6636	-421.6718	1.008235	0.8201415	0.8201415	0.8201415	0.8201415	0.8201415	0.8201415	0.02541847
24370	-420.5713	-421.5565	0.9851692	0.8024733	0.8024733	0.8024733	0.8024733	0.8024733	0.8024733	0.02639007
24380	-422.536	-422.9836	0.4475671	0.390157	0.390157	0.390157	0.390157	0.390157	0.390157	0.02496378
24390	-420.8638	-420.8812	0.01733794	1.415492	1.415492	1.415492	1.415492	1.415492	1.415492	0.02565883
24400	-421.2779	-420.7645	-0.5133818	1.6024	1.6024	1.6024	1.6024	1.6024	1.6024	0.02955997
24410	-421.8486	-420.5671	-1.281488	1.970638	1.970638	1.970638	1.970638	1.970638	1.970638	0.02903605
24420	-420.5116	-421.2765	0.7649744	1.008268	1.008268	1.008268	1.008268	1.008268	1.008268	0.02572493
24430	-421.952	-422.1316	0.1796405	1.221233	1.221233	1.221233	1.221233	1.221233	1.221233	0.03199567
24440	-420.758	-421.1728	0.4147613	1.141983	1.141983	1.141983	1.141983	1.141983	1.141983	0.02924643
24450	-420.7047	-421.2016	0.4968942	1.098341	1.098341	1.098341	1.098341	1.098341	1.098341	0.02907066
24460	-420.6606	-421.0963	0.4356962	1.206363	1.206363	1.206363	1.206363	1.206363	1.206363	0.02546782
24470	-420.4916	-421.3438	0.8522599	0.9420045	0.9420045	0.9420045	0.9420045	0.9420045	0.9420045	0.02592327
24480	-421.501	-420.7722	-0.7287658	1.700124	1.700124	1.700124	1.700124	1.700124	1.700124	0.02979526
24490	-425.3431	-421.441	-3.902086	3.263609	3.263609	3.263609	3.263609	3.263609	3.263609	0.02863318
24500	-421.2932	-422.2196	0.9263417	0.5788184	0.5788184	0.5788184	0.5788184	0.5788184	0.5788184	0.02768312
24510	-422.306	-420.5431	-1.762933	2.208934	2.208934	2.208934	2.208934	2.208934	2.208934	0.02830235
24520	-420.7725	-421.8291	1.056655	0.731906	0.731906	0.731906	0.731906	0.731906	0.731906	0.02557472
24530	-422.4296	-421.9718	-0.4577702	1.531194	1.531194	1.531194	1.531194	1.531194	1.531194	0.03247877
24540	-421.1045	-422.1955	1.090994	0.6583598	0.6583598	0.6583598	0.6583598	0.6583598	0.6583598	0.02481576
24550	-423.0176	-421.9625	-1.055017	1.967828	1.967828	1.967828	1.967828	1.967828	1.967828	0.02329119
24560	-420.9681	-421.8015	0.8333896	0.8519526	0.8519526	0.8519526	0.8519526	0.8519526	0.8519526	0.0293862
24570	-420.4478	-421.2994	0.8516132	0.9134719	0.9134719	0.9134719	0.9134719	0.9134719	0.9134719	0.02691494
24580	-420.7581	-420.8986	0.1404977	1.352846	1.352846	1.352846	1.352846	1.352846	1.352846	0.02575031
24590	-420.6303	-420.695	0.06470232	1.366885	1.366885	1.366885	1.366885	1.366885	1.366885	0.02700609
24600	-422.2473	-420.5961	-1.651261	2.143603	2.143603	2.143603	2.143603	2.143603	2.143603	0.02906905
24610	-420.6123	-420.8465	0.2341891	1.256281	1.256281	1.256281	1.256281	1.256281	1.256281	0.02834324
24620	-420.4491	-420.9402	0.4911875	1.150798	1.150798	1.150798	1.150798	1.150798	1.150798	0.02667151
24630	-421.9059	-420.7606	-1.145295	1.962879	1.962879	1.962879	1.962879	1.962879	1.962879	0.02576289
24640	-424.1572	-424.9245	0.7672981	0.7328436	0.7328436	0.7328436	0.7328436	0.7328436	0.7328436	0.0341457
24650	-422.2749	-422.8884	0.6134542	0.4548386	0.4548386	0.4548386	0.4548386	0.4548386	0.4548386	0.02855663
24660	-421.6071	-422.6016	0.994477	0.5423108	0.5423108	0.5423108	0.5423108	0.5423108	0.5423108	0.02451872
24670	-422.6449	-423.4862	0.8412867	0.6971567	0.6971567	0.6971567	0.6971567	0.6971567	0.6971567	0.0319598
24680	-420.6842	-420.7682	0.0840361	1.332312	1.332312	1.332312	1.332312	1.332312	1.332312	0.0283853
24690	-420.8021	-420.8257	0.02358822	1.35354	1.35354	1.35354	1.35354	1.35354	1.35354	0.02890357
24700	-421.8454	-422.4034	0.5579592	1.00721	1.00721	1.00721	1.00721	1.00721	1.00721	0.0316926
24710	-420.603	-420.9268	0.3237881	1.254883	1.254883	1.254883	1.254883	1.254883	1.254883	0.02598382
24720	-421.1065	-420.8059	-0.3006577	1.568291	1.568291	1.568291	1.568291	1.568291	1.568291	0.02567772
24730	-421.3261	-421.478	0.1518262	1.257221	1.257221	1.257221	1.257221	1.257221	1.257221	0.03072101
24740	-423.2518	-420.7939	-2.457931	2.564097	2.564097	2.564097	2.564097	2.564097	2.564097	0.02703678
24750	-420.8351	-421.7945	0.9594213	0.7389919	0.7389919	0.7389919	0.7389919	0.7389919	0.7389919	0.02811291
24760	-422.1791	-421.4091	-0.7699769	1.818093	1.818093	1.818093	1.818093	1.818093	1.818093	0.02413144
24770	-422.043	-420.9871	-1.055936	1.933753	1.933753	1.933753	1.933753	1.933753	1.933753	0.02507529
24780	-423.5811	-423.4742	-0.1068554	1.331655	1.331655	1.331655	1.331655	1.331655	1.331655	0.03440037
24790	-420.647	-420.7076	0.06066497	1.352055	1.352055	1.352055	1.352055	1.352055	1.352055	0.0279345
24800	-423.1635	-424.4025	1.238987	0.649429	0.649429	0.649429	0.649429	0.649429	0.649429	0.02134386
24810	-420.5408	-421.5007	0.9598752	0.8449703	0.8449703	0.8449703	0.8449703	0.8449703	0.8449703	0.02607493
24820	-420.9509	-421.9289	0.9780094	0.6790316	0.6790316	0.6790316	0.6790316	0.6790316	0.6790316	0.02787891
24830	-420.9983	-420.5453	-0.4529962	1.598479	1.598479	1.598479	1.598479	1.598479	1.598479	0.02805924
24840	-421.1396	-421.2382	0.0986322	1.293341	1.293341	1.293341	1.293341	1.293341	1.293341	0.0302082
24850	-420.4135	-421.152	0.7384693	1.000406	1.000406	1.000406	1.000406	1.000406	1.000406	0.02673154
24860	-420.4455	-421.2321	0.7865756	0.9804702	0.9804702	0.9804702	0.9804702	0.9804702	0.9804702	0.02623654
24870	-420.8441	-420.7246	-0.1195144	1.47169	1.47169	1.47169	1.47169	1.47169	1.47169	0.0262113
24880	-420.5212	-421.4362	0.9149931	0.8474679	0.8474679	0.8474679	0.8474679	0.8474679	0.8474679	0.02720499
24890	-420.4192	-421.0523	0.6330727	1.053967	1.053967	1.053967	1.053967	1.053967	1.053967	0.02731626
24900	-422.8557	-422.5588	-0.2968297	1.441556	1.441556	1.441556	1.441556	1.441556	1.441556	0.0333034
24910	-420.6358	-421.6145	0.9786824	0.7701578	0.7701578	0.7701578	0.7701578	0.7701578	0.7701578	0.02715525
24920	-421.3439	-422.2455	0.9016004	0.7402695	0.7402695	0.7402695	0.7402695	0.7402695	0.7402695	0.02977124
24930	-422.6763	-420.6375	-2.038798	2.330649	2.330649	2.330649	2.330649	2.330649	2.330649	0.02886332
24940	-422.3696	-422.6949	0.3253021	1.129897	1.129897	1.129897	1.129897	1.129897	1.129897	0.03267469
24950	-421.1297	-421.492	0.3623014	1.151121	1.151121	1.151121	1.151121	1.151121	1.151121	0.03032287
24960	-420.6242	-421.0707	0.4465072	1.197847	1.197847	1.197847	1.197847	1.197847	1.197847	0.02559628
24970	-421.713	-420.7278	-0.9852462	1.886704	1.886704	1.886704	1.886704	1.886704	1.886704	0.02583938
24980	-420.795	-421.6786	0.8836162	0.8249171	0.8249171	0.8249171	0.8249171	0.8249171	0.8249171	0.02867206
24990	-422.5861	-423.3426	0.7564985	0.4409831	0.4409831	0.4409831	0.4409831	0.4409831	0.4409831	0.02347292
25000	-421.2299	-422.1813	0.9513956	0.5672679	0.5672679	0.5672679	0.5672679	0.5672679	0.5672679	0.02660521
25010	-424.5529	-421.1901	-3.362806	3.011824	3.011824	3.011824	3.011824	3.011824	3.011824	0.02718582
25020	-421.5326	-420.8688	-0.663829	1.745202	1.745202	1.745202	1.745202	1.745202	1.745202	0.02536163
25030	-423.8739	-422.0267	-1.847178	2.338129	2.338129	2.338129	2.338129	2.338129	2.338129	0.02345961
25040	-421.1548	-420.5165	-0.6382509	1.684244	1.684244	1.684244	1.684244	1.684244	1.684244	0.02815305
25050	-421.2436	-421.9478	0.7042528	1.096669	1.096669	1.096669	1.096669	1.096669	1.096669	0.02369404
25060	-421.0862	-420.5239	-0.5622344	1.665108	1.665108	1.665108	1.665108	1.665108	1.665108	0.02717629
25070	-421.4563	-420.5168	-0.9394441	1.818582	1.818582	1.818582	1.818582	1.818582	1.818582	0.02855795
25080	-420.6862	-421.4323	0.746112	0.9429083	0.9429083	0.9429083	0.9429083	0.9429083	0.9429083	0.02879143
25090	-420.5458	-421.3934	0.8476461	0.9556041	0.9556041	0.9556041	0.9556041	0.9556041	0.9556041	0.02556614
25100	-421.0905	-421.1941	0.1036159	1.29306	1.29306	1.29306	1.29306	1.29306	1.29306	0.03007455
25110	-422.4219	-423.2782	0.8563366	0.675417	0.675417	0.675417	0.675417	0.675417	0.675417	0.03147609
25120	-422.3396	-420.5516	-1.788066	2.219336	2.219336	2.219336	2.219336	2.219336	2.219336	0.02839164
25130	-420.8257	-421.6998	0.8740316	0.9660136	0.9660136	0.9660136	0.9660136	0.9660136	0.9660136	0.02454149
25140	-420.7749	-421.6171	0.8421265	0.984126	0.984126	0.984126	0.984126	0.984126	0.984126	0.02468721
25150	-422.2905	-422.2241	-0.06645618	1.339808	1.339808	1.339808	1.339808	1.339808	1.339808	0.0325067
25160	-420.5069	-421.3661	0.8592209	0.8878153	0.8878153	0.8878153	0.8878153	0.8878153	0.8878153	0.02754636
25170	-424.9498	-421.3654	-3.584451	3.131167	3.131167	3.131167	3.131167	3.131167	3.131167	0.0268872
25180	-421.5165	-422.3665	0.8500177	0.7918216	0.7918216	0.7918216	0.7918216	0.7918216	0.7918216	0.03044933
25190	-420.4678	-421.3551	0.8872664	0.8863083	0.8863083	0.8863083	0.8863083	0.8863083	0.8863083	0.02683103
25200	-420.711	-421.6219	0.9109219	0.8115981	0.8115981	0.8115981	0.8115981	0.8115981	0.8115981	0.02821833
25210	-420.4767	-420.8833	0.4065929	1.196648	1.196648	1.196648	1.196648	1.196648	1.196648	0.02669789
25220	-420.4487	-421.3088	0.860069	0.9112396	0.9112396	0.9112396	0.9112396	0.9112396	0.9112396	0.0267624
25230	-420.4973	-421.4001	0.9027984	0.8632294	0.8632294	0.8632294	0.8632294	0.8632294	0.8632294	0.02709838
25240	-421.2549	-420.8667	-0.3882354	1.539096	1.539096	1.539096	1.539096	1.539096	1.539096	0.0297999
25250	-421.8512	-421.8959	0.04463967	1.295171	1.295171	1.295171	1.295171	1.295171	1.295171	0.03177012
25260	-422.9705	-422.9307	-0.03982858	1.310073	1.310073	1.310073	1.310073	1.310073	1.310073	0.0335735
25270	-420.7505	-420.7196	-0.03085179	1.425147	1.425147	1.425147	1.425147	1.425147	1.425147	0.02639937
25280	-420.931	-421.629	0.6980319	0.957138	0.957138	0.957138	0.957138	0.957138	0.957138	0.02962929
25290	-420.8808	-420.6455	-0.235299	1.521427	1.521427	1.521427	1.521427	1.521427	1.521427	0.02653695
25300	-420.7663	-421.7803	1.013948	0.7034081	0.7034081	0.7034081	0.7034081	0.7034081	0.7034081	0.02687374
25310	-421.7609	-420.4915	-1.269371	1.992431	1.992431	1.992431	1.992431	1.992431	1.992431	0.02738066
25320	-423.2368	-423.2411	0.004321183	0.342179	0.342179	0.342179	0.342179	0.342179	0.342179	0.02791203
25330	-420.4738	-421.2836	0.8097551	0.9281907	0.9281907	0.9281907	0.9281907	0.9281907	0.9281907	0.02754547
25340	-421.1558	-420.5154	-0.6404096	1.685456	1.685456	1.685456	1.685456	1.685456	1.685456	0.02814116
25350	-421.0812	-421.5038	0.422689	1.119187	1.119187	1.119187	1.119187	1.119187	1.119187	0.03020389
25360	-422.1349	-420.8516	-1.283313	1.951252	1.951252	1.951252	1.951252	1.951252	1.951252	0.03032041
25370	-423.4087	-422.9588	-0.4498903	1.504968	1.504968	1.504968	1.504968	1.504968	1.504968	0.03403761
25380	-420.5755	-421.5316	0.9561764	0.8043578	0.8043578	0.8043578	0.8043578	0.8043578	0.8043578	0.02712663
25390	-421.3418	-421.5895	0.2476622	1.205272	1.205272	1.205272	1.205272	1.205272	1.205272	0.03079907
25400	-420.462	-421.1565	0.6945198	1.00441	1.00441	1.00441	1.00441	1.00441	1.00441	0.02776464
25410	-420.6109	-420.7781	0.1671596	1.295048	1.295048	1.295048	1.295048	1.295048	1.295048	0.02811343
25420	-420.8514	-421.8692	1.0178	0.8448162	0.8448162	0.8448162	0.8448162	0.8448162	0.8448162	0.02461115
25430	-420.6449	-421.6654	1.02051	0.7704227	0.7704227	0.7704227	0.7704227	0.7704227	0.7704227	0.02603876
25440	-423.2992	-422.3361	-0.963115	1.755869	1.755869	1.755869	1.755869	1.755869	1.755869	0.03343937
25450	-422.2363	-420.5539	-1.682424	2.164957	2.164957	2.164957	2.164957	2.164957	2.164957	0.02866109
25460	-420.43	-421.2362	0.8061514	0.9462302	0.9462302	0.9462302	0.9462302	0.9462302	0.9462302	0.02699267
25470	-425.663	-425.5744	-0.08857276	1.590756	1.590756	1.590756	1.590756	1.590756	1.590756	0.01981025
25480	-421.8019	-422.913	1.111113	0.830342	0.830342	0.830342	0.830342	0.830342	0.830342	0.02272703
25490	-421.7139	-420.4758	-1.238108	1.970212	1.970212	1.970212	1.970212	1.970212	1.970212	0.02782866
25500	-420.4967	-420.8189	0.3221981	1.2357	1.2357	1.2357	1.2357	1.2357	1.2357	0.02699596
25510	-420.7397	-421.2385	0.4987867	1.094668	1.094668	1.094668	1.094668	1.094668	1.094668	0.02919787
25520	-420.5582	-421.5364	0.9781924	0.8149331	0.8149331	0.8149331	0.8149331	0.8149331	0.8149331	0.02630978
25530	-421.0059	-421.6751	0.6691401	0.9720331	0.9720331	0.9720331	0.9720331	0.9720331	0.9720331	0.029866
25540	-421.368	-420.5634	-0.8046592	1.751195	1.751195	1.751195	1.751195	1.751195	1.751195	0.02882562
25550	-421.9088	-422.5546	0.6457482	0.9461113	0.9461113	0.9461113	0.9461113	0.9461113	0.9461113	0.03169406
25560	-420.6384	-420.8668	0.228376	1.256503	1.256503	1.256503	1.256503	1.256503	1.256503	0.02849632
25570	-421.5382	-420.5261	-1.012004	1.880869	1.880869	1.880869	1.880869	1.880869	1.880869	0.02687374
25580	-421.9836	-421.2581	-0.7254424	1.791743	1.791743	1.791743	1.791743	1.791743	1.791743	0.02441901
25590	-420.7642	-421.8133	1.049095	0.7167128	0.7167128	0.7167128	0.7167128	0.7167128	0.7167128	0.02588238
25600	-420.6178	-420.701	0.0832646	1.345782	1.345782	1.345782	1.345782	1.345782	1.345782	0.027655
25610	-420.9327	-420.5435	-0.3892289	1.57572	1.57572	1.57572	1.57572	1.57572	1.57572	0.02762043
25620	-422.177	-420.8543	-1.322719	1.969469	1.969469	1.969469	1.969469	1.969469	1.969469	0.03033391
25630	-421.7351	-420.9746	-0.7604948	1.795898	1.795898	1.795898	1.795898	1.795898	1.795898	0.02506637
25640	-420.6829	-421.3296	0.6467216	1.008872	1.008872	1.008872	1.008872	1.008872	1.008872	0.02892758
25650	-422.9883	-420.7907	-2.197657	2.39352	2.39352	2.39352	2.39352	2.39352	2.39352	0.02966576
25660	-421.2228	-420.7375	-0.485296	1.65247	1.65247	1.65247	1.65247	1.65247	1.65247	0.02584868
25670	-421.3011	-421.0448	-0.2562858	1.560623	1.560623	1.560623	1.560623	1.560623	1.560623	0.02496258
25680	-420.4974	-420.9966	0.4991903	1.117951	1.117951	1.117951	1.117951	1.117951	1.117951	0.0280397
25690	-422.9779	-422.4711	-0.506807	1.726376	1.726376	1.726376	1.726376	1.726376	1.726376	0.02256515
25700	-421.3135	-421.5786	0.2651376	1.196906	1.196906	1.196906	1.196906	1.196906	1.196906	0.03073988
25710	-422.177	-421.041	-1.135995	1.973285	1.973285	1.973285	1.973285	1.973285	1.973285	0.02496275
25720	-420.7001	-420.6795	-0.02064933	1.413258	1.413258	1.413258	1.413258	1.413258	1.413258	0.02677406
25730	-422.9237	-420.6721	-2.251632	2.455382	2.455382	2.455382	2.455382	2.455382	2.455382	0.02753088
25740	-421.6493	-420.7699	-0.8793584	1.769194	1.769194	1.769194	1.769194	1.769194	1.769194	0.02988922
25750	-420.9972	-421.3091	0.3119194	1.185525	1.185525	1.185525	1.185525	1.185525	1.185525	0.02995803
25760	-420.973	-421.8699	0.8968454	0.9607391	0.9607391	0.9607391	0.9607391	0.9607391	0.9607391	0.024166
25770	-422.1466	-421.8427	-0.303945	1.613631	1.613631	1.613631	1.613631	1.613631	1.613631	0.02341173
25780	-421.1845	-421.4191	0.2346365	1.334021	1.334021	1.334021	1.334021	1.334021	1.334021	0.02433395
25790	-421.0168	-422.078	1.061271	0.8139788	0.8139788	0.8139788	0.8139788	0.8139788	0.8139788	0.0242316
25800	-420.5955	-421.031	0.4354781	1.143377	1.143377	1.143377	1.143377	1.143377	1.143377	0.02857579
25810	-422.6658	-423.1857	0.519916	0.436529	0.436529	0.436529	0.436529	0.436529	0.436529	0.02920105
25820	-420.7727	-421.7609	0.9882533	0.8658602	0.8658602	0.8658602	0.8658602	0.8658602	0.8658602	0.02480949
25830	-421.1935	-420.8518	-0.3416918	1.591154	1.591154	1.591154	1.591154	1.591154	1.591154	0.02549491
25840	-424.3286	-423.7703	-0.5583509	1.540621	1.540621	1.540621	1.540621	1.540621	1.540621	0.03521334
25850	-422.7123	-421.6727	-1.039676	1.808002	1.808002	1.808002	1.808002	1.808002	1.808002	0.03229164
25860	-420.8219	-420.5799	-0.2419464	1.508229	1.508229	1.508229	1.508229	1.508229	1.508229	0.02745994
25870	-420.5965	-421.591	0.9944571	0.7835836	0.7835836	0.7835836	0.7835836	0.7835836	0.7835836	0.02650488
25880	-421.779	-421.3689	-0.4100766	1.647927	1.647927	1.647927	1.647927	1.647927	1.647927	0.02420805
25890	-420.9637	-421.4344	0.4706476	1.097421	1.097421	1.097421	1.097421	1.097421	1.097421	0.02989065
25900	-423.7933	-423.6395	-0.153734	0.3080825	0.3080825	0.3080825	0.3080825	0.3080825	0.3080825	0.02386121
25910	-420.4276	-421.0488	0.6212338	1.058158	1.058158	1.058158	1.058158	1.058158	1.058158	0.02745373
25920	-420.6601	-421.1935	0.5333455	1.0803	1.0803	1.0803	1.0803	1.0803	1.0803	0.02889841
25930	-420.9638	-420.5991	-0.3647462	1.580326	1.580326	1.580326	1.580326	1.580326	1.580326	0.02669215
25940	-421.047	-420.5167	-0.530336	1.644566	1.644566	1.644566	1.644566	1.644566	1.644566	0.02749702
25950	-420.4824	-421.1494	0.667011	1.018082	1.018082	1.018082	1.018082	1.018082	1.018082	0.02794917
25960	-420.7139	-421.1169	0.4029962	1.151844	1.151844	1.151844	1.151844	1.151844	1.151844	0.02907595
25970	-421.2087	-420.4926	-0.7160685	1.725669	1.725669	1.725669	1.725669	1.725669	1.725669	0.0278596
25980	-423.9976	-422.6573	-1.340343	2.118272	2.118272	2.118272	2.118272	2.118272	2.118272	0.02247855
25990	-421.7682	-420.9247	-0.8435473	1.832146	1.832146	1.832146	1.832146	1.832146	1.832146	0.0252041
26000	-426.9799	-425.0293	-1.950575	2.452904	2.452904	2.452904	2.452904	2.452904	2.452904	0.02047884
26010	-420.617	-420.6914	0.07439104	1.353874	1.353874	1.353874	1.353874	1.353874	1.353874	0.02745353
26020	-421.0315	-422.1232	1.091721	0.6796173	0.6796173	0.6796173	0.6796173	0.6796173	0.6796173	0.02488336
26030	-420.5205	-421.4678	0.9472327	0.8517847	0.8517847	0.8517847	0.8517847	0.8517847	0.8517847	0.02622863
26040	-421.9303	-421.1377	-0.792595	1.711978	1.711978	1.711978	1.711978	1.711978	1.711978	0.0309666
26050	-420.8698	-421.8744	1.004604	0.6719305	0.6719305	0.6719305	0.6719305	0.6719305	0.6719305	0.02712745
26060	-421.7141	-422.1872	0.4730981	1.064209	1.064209	1.064209	1.064209	1.064209	1.064209	0.03152341
26070	-421.2627	-420.7473	-0.5153857	1.604455	1.604455	1.604455	1.604455	1.604455	1.604455	0.02949091
26080	-421.0762	-422.1369	1.060698	0.8227277	0.8227277	0.8227277	0.8227277	0.8227277	0.8227277	0.02406521
26090	-422.3307	-420.5545	-1.776214	2.212295	2.212295	2.212295	2.212295	2.212295	2.212295	0.02847772
26100	-422.2972	-420.8198	-1.477437	2.119471	2.119471	2.119471	2.119471	2.119471	2.119471	0.02571583
26110	-421.3497	-422.2799	0.9301334	0.6236852	0.6236852	0.6236852	0.6236852	0.6236852	0.6236852	0.02870806
26120	-420.5395	-420.7603	0.2207687	1.284971	1.284971	1.284971	1.284971	1.284971	1.284971	0.02717538
26130	-420.462	-421.3141	0.8521253	0.9054597	0.9054597	0.9054597	0.9054597	0.9054597	0.9054597	0.02716799
26140	-421.3382	-421.9343	0.5960421	1.00295	1.00295	1.00295	1.00295	1.00295	1.00295	0.03070558
26150	-420.6649	-420.7326	0.06773882	1.344418	1.344418	1.344418	1.344418	1.344418	1.344418	0.02816433
26160	-424.6258	-421.1689	-3.456955	3.037763	3.037763	3.037763	3.037763	3.037763	3.037763	0.02838931
26170	-420.4411	-421.267	0.8258628	0.9293914	0.9293914	0.9293914	0.9293914	0.9293914	0.9293914	0.02706316
26180	-422.227	-423.1501	0.9230866	1.002906	1.002906	1.002906	1.002906	1.002906	1.002906	0.02214178
26190	-421.8167	-421.5453	-0.2714359	1.588453	1.588453	1.588453	1.588453	1.588453	1.588453	0.02390106
26200	-420.8822	-421.5251	0.6429433	1.112503	1.112503	1.112503	1.112503	1.112503	1.112503	0.02451605
26210	-421.421	-420.905	-0.5159858	1.595473	1.595473	1.595473	1.595473	1.595473	1.595473	0.03007389
26220	-424.7414	-425.5003	0.7588957	0.638838	0.638838	0.638838	0.638838	0.638838	0.638838	0.03434951
26230	-421.5989	-422.3982	0.7992364	0.838345	0.838345	0.838345	0.838345	0.838345	0.838345	0.03081472
26240	-421.1213	-420.6907	-0.4306343	1.570261	1.570261	1.570261	1.570261	1.570261	1.570261	0.02912085
26250	-420.748	-420.9815	0.2334901	1.309878	1.309878	1.309878	1.309878	1.309878	1.309878	0.02555419
26260	-421.6616	-422.0391	0.3775153	1.283612	1.283612	1.283612	1.283612	1.283612	1.283612	0.02329435
26270	-420.6636	-420.9125	0.2489503	1.242407	1.242407	1.242407	1.242407	1.242407	1.242407	0.02867922
26280	-421.2558	-422.024	0.7681693	1.060043	1.060043	1.060043	1.060043	1.060043	1.060043	0.02362933
26290	-420.5535	-421.013	0.4595263	1.133921	1.133921	1.133921	1.133921	1.133921	1.133921	0.02836857
26300	-423.0811	-421.3137	-1.767324	2.158594	2.158594	2.158594	2.158594	2.158594	2.158594	0.03162449
26310	-420.9283	-421.8842	0.9558831	0.9119748	0.9119748	0.9119748	0.9119748	0.9119748	0.9119748	0.02429505
26320	-420.5027	-421.0481	0.5453875	1.089531	1.089531	1.089531	1.089531	1.089531	1.089531	0.02811235
26330	-421.2328	-422.0475	0.8146786	0.8479302	0.8479302	0.8479302	0.8479302	0.8479302	0.8479302	0.03006186
26340	-421.9009	-421.0158	-0.8850525	1.855843	1.855843	1.855843	1.855843	1.855843	1.855843	0.02497263
26350	-420.4962	-420.9402	0.4440586	1.151013	1.151013	1.151013	1.151013	1.151013	1.151013	0.02794781
26360	-420.4894	-420.8213	0.3318307	1.227057	1.227057	1.227057	1.227057	1.227057	1.227057	0.02717848
26370	-420.6352	-420.9969	0.3617002	1.181761	1.181761	1.181761	1.181761	1.181761	1.181761	0.02870101
26380	-422.1924	-421.5752	-0.6171886	1.752525	1.752525	1.752525	1.752525	1.752525	1.752525	0.0238302
26390	-422.4281	-421.2794	-1.148642	1.870737	1.870737	1.870737	1.870737	1.870737	1.870737	0.031484
26400	-421.1474	-421.4461	0.298727	1.301848	1.301848	1.301848	1.301848	1.301848	1.301848	0.02432129
26410	-422.8694	-421.7068	-1.162602	1.863768	1.863768	1.863768	1.863768	1.863768	1.863768	0.03240656
26420	-421.1748	-421.4458	0.2710582	1.316312	1.316312	1.316312	1.316312	1.316312	1.316312	0.02430167
26430	-422.7852	-422.9941	0.2088793	0.3581435	0.3581435	0.3581435	0.3581435	0.3581435	0.3581435	0.02572722
26440	-420.4252	-421.1826	0.7574563	0.9754151	0.9754151	0.9754151	0.9754151	0.9754151	0.9754151	0.02720946
26450	-420.7395	-420.638	-0.1015146	1.449099	1.449099	1.449099	1.449099	1.449099	1.449099	0.02697274
26460	-421.2984	-420.7864	-0.5120628	1.600405	1.600405	1.600405	1.600405	1.600405	1.600405	0.02964572
26470	-420.44	-421.006	0.5659531	1.111798	1.111798	1.111798	1.111798	1.111798	1.111798	0.02651041
26480	-420.5899	-420.7229	0.1329725	1.32144	1.32144	1.32144	1.32144	1.32144	1.32144	0.02761875
26490	-421.1882	-420.5385	-0.6496969	1.711333	1.711333	1.711333	1.711333	1.711333	1.711333	0.02688008
26500	-420.4568	-420.8786	0.4217298	1.177659	1.177659	1.177659	1.177659	1.177659	1.177659	0.02723263
26510	-421.1537	-420.5017	-0.6519732	1.695039	1.695039	1.695039	1.695039	1.695039	1.695039	0.02789339
26520	-421.6629	-422.4669	0.8040286	0.4867729	0.4867729	0.4867729	0.4867729	0.4867729	0.4867729	0.02615792
26530	-420.4125	-421.0442	0.631739	1.065704	1.065704	1.065704	1.065704	1.065704	1.065704	0.02683297
26540	-421.1063	-420.5964	-0.5098409	1.651531	1.651531	1.651531	1.651531	1.651531	1.651531	0.02654381
26550	-420.9727	-421.9802	1.007494	0.8699047	0.8699047	0.8699047	0.8699047	0.8699047	0.8699047	0.02423108
26560	-422.2993	-421.702	-0.5973133	1.747322	1.747322	1.747322	1.747322	1.747322	1.747322	0.02362234
26570	-421.3195	-420.5129	-0.8065782	1.75918	1.75918	1.75918	1.75918	1.75918	1.75918	0.02839243
26580	-420.4813	-420.9549	0.4736377	1.166919	1.166919	1.166919	1.166919	1.166919	1.166919	0.02636601
26590	-420.6451	-421.6619	1.016731	0.794919	0.794919	0.794919	0.794919	0.794919	0.794919	0.0257159
26600	-420.699	-421.0827	0.3837856	1.163877	1.163877	1.163877	1.163877	1.163877	1.163877	0.02900422
26610	-421.241	-422.1794	0.9384294	0.5764395	0.5764395	0.5764395	0.5764395	0.5764395	0.5764395	0.0272723
26620	-420.5982	-420.7051	0.106876	1.340882	1.340882	1.340882	1.340882	1.340882	1.340882	0.02727504
26630	-421.815	-420.5237	-1.291347	2.008823	2.008823	2.008823	2.008823	2.008823	2.008823	0.02702591
26640	-420.4335	-421.1961	0.76257	0.9938108	0.9938108	0.9938108	0.9938108	0.9938108	0.9938108	0.02635314
26650	-421.8923	-421.2156	-0.6767222	1.655743	1.655743	1.655743	1.655743	1.655743	1.655743	0.03108526
26660	-421.643	-421.7126	0.0695473	1.288888	1.288888	1.288888	1.288888	1.288888	1.288888	0.03137142
26670	-421.7965	-420.4894	-1.307122	2.008577	2.008577	2.008577	2.008577	2.008577	2.008577	0.02747005
26680	-420.501	-421.4336	0.9325668	0.8564187	0.8564187	0.8564187	0.8564187	0.8564187	0.8564187	0.02649091
26690	-423.2347	-420.8478	-2.386901	2.537987	2.537987	2.537987	2.537987	2.537987	2.537987	0.02657209
26700	-420.4151	-421.0696	0.654565	1.055191	1.055191	1.055191	1.055191	1.055191	1.055191	0.02668237
26710	-420.4844	-421.3666	0.8821438	0.8797056	0.8797056	0.8797056	0.8797056	0.8797056	0.8797056	0.0271717
26720	-420.4874	-420.9426	0.4551649	1.176951	1.176951	1.176951	1.176951	1.176951	1.176951	0.02637128
26730	-423.8136	-421.7193	-2.094358	2.444405	2.444405	2.444405	2.444405	2.444405	2.444405	0.02406634
26740	-420.7768	-420.762	-0.01479178	1.421627	1.421627	1.421627	1.421627	1.421627	1.421627	0.02616656
26750	-423.1265	-423.3954	0.2689023	1.376191	1.376191	1.376191	1.376191	1.376191	1.376191	0.02160902
26760	-420.8168	-421.6088	0.7920296	0.8981272	0.8981272	0.8981272	0.8981272	0.8981272	0.8981272	0.02910673
26770	-420.7555	-421.7075	0.952007	0.7639236	0.7639236	0.7639236	0.7639236	0.7639236	0.7639236	0.02798909
26780	-420.8392	-421.733	0.8938523	0.9527696	0.9527696	0.9527696	0.9527696	0.9527696	0.9527696	0.02450706
26790	-420.6025	-421.0746	0.4721592	1.121408	1.121408	1.121408	1.121408	1.121408	1.121408	0.02863486
26800	-421.7793	-420.6651	-1.114223	1.88419	1.88419	1.88419	1.88419	1.88419	1.88419	0.02955515
26810	-420.6519	-420.7708	0.1188933	1.316781	1.316781	1.316781	1.316781	1.316781	1.316781	0.0282695
26820	-420.5966	-421.0338	0.4372715	1.199821	1.199821	1.199821	1.199821	1.199821	1.199821	0.02573927
26830	-422.901	-422.0894	-0.8116145	1.691873	1.691873	1.691873	1.691873	1.691873	1.691873	0.03294288
26840	-421.1637	-420.8421	-0.3215768	1.510072	1.510072	1.510072	1.510072	1.510072	1.510072	0.02962196
26850	-421.2126	-421.6225	0.409958	1.120461	1.120461	1.120461	1.120461	1.120461	1.120461	0.03052299
26860	-421.3362	-421.9346	0.5984631	1.001486	1.001486	1.001486	1.001486	1.001486	1.001486	0.03069893
26870	-420.8766	-421.8536	0.9770478	0.7048093	0.7048093	0.7048093	0.7048093	0.7048093	0.7048093	0.02787853
26880	-423.6626	-424.9305	1.267937	0.6636106	0.6636106	0.6636106	0.6636106	0.6636106	0.6636106	0.02081713
26890	-420.4135	-421.0196	0.6061402	1.077043	1.077043	1.077043	1.077043	1.077043	1.077043	0.02701616
26900	-420.8845	-421.887	1.002547	0.8653243	0.8653243	0.8653243	0.8653243	0.8653243	0.8653243	0.02447136
26910	-420.6173	-420.8427	0.2254632	1.30101	1.30101	1.30101	1.30101	1.30101	1.30101	0.02621315
26920	-421.4583	-421.2287	-0.229569	1.448698	1.448698	1.448698	1.448698	1.448698	1.448698	0.03068297
26930	-421.3336	-421.5547	0.2210823	1.346749	1.346749	1.346749	1.346749	1.346749	1.346749	0.02404814
26940	-423.6602	-424.0034	0.3431946	0.4087479	0.4087479	0.4087479	0.4087479	0.4087479	0.4087479	0.03065793
26950	-421.0642	-422.0675	1.00331	0.6061829	0.6061829	0.6061829	0.6061829	0.6061829	0.6061829	0.02634622
26960	-420.9033	-420.8747	-0.02853905	1.43836	1.43836	1.43836	1.43836	1.43836	1.43836	0.02563441
26970	-420.7969	-421.7496	0.9526871	0.7548755	0.7548755	0.7548755	0.7548755	0.7548755	0.7548755	0.02810336
26980	-422.0146	-422.788	0.7734228	0.4596197	0.4596197	0.4596197	0.4596197	0.4596197	0.4596197	0.02475355
26990	-420.4653	-421.1698	0.7044993	1.039081	1.039081	1.039081	1.039081	1.039081	1.039081	0.02604899
27000	-422.8732	-423.1031	0.2298908	1.388802	1.388802	1.388802	1.388802	1.388802	1.388802	0.02190295
27010	-423.9237	-424.7153	0.7915759	0.6694171	0.6694171	0.6694171	0.6694171	0.6694171	0.6694171	0.03355573
27020	-420.4381	-420.9207	0.4825327	1.146107	1.146107	1.146107	1.146107	1.146107	1.146107	0.02712997
27030	-420.6018	-421.0988	0.4970348	1.170283	1.170283	1.170283	1.170283	1.170283	1.170283	0.02559933
27040	-420.7684	-421.6544	0.8860813	0.825984	0.825984	0.825984	0.825984	0.825984	0.825984	0.02857439
27050	-421.5485	-422.6336	1.085102	0.5957203	0.5957203	0.5957203	0.5957203	0.5957203	0.5957203	0.02405111
27060	-420.4689	-421.3627	0.8937513	0.8904034	0.8904034	0.8904034	0.8904034	0.8904034	0.8904034	0.02653175
27070	-420.6227	-420.6889	0.06623082	1.362674	1.362674	1.362674	1.362674	1.362674	1.362674	0.02719412
27080	-421.2074	-422.1381	0.9307239	0.7093274	0.7093274	0.7093274	0.7093274	0.7093274	0.7093274	0.02917919
27090	-421.2041	-420.7655	-0.4385901	1.568318	1.568318	1.568318	1.568318	1.568318	1.568318	0.02947377
27100	-422.0304	-421.8947	-0.1357128	1.382027	1.382027	1.382027	1.382027	1.382027	1.382027	0.03200645
27110	-420.6563	-421.6642	1.007857	0.7497441	0.7497441	0.7497441	0.7497441	0.7497441	0.7497441	0.02666056
27120	-421.3708	-421.0611	-0.3096521	1.587107	1.587107	1.587107	1.587107	1.587107	1.587107	0.02490276
27130	-421.0048	-421.5803	0.5754686	1.15592	1.15592	1.15592	1.15592	1.15592	1.15592	0.02429133
27140	-421.7205	-420.8114	-0.9090968	1.856522	1.856522	1.856522	1.856522	1.856522	1.856522	0.02554318
27150	-422.0918	-422.9671	0.87535	0.654834	0.654834	0.654834	0.654834	0.654834	0.654834	0.03075775
27160	-421.3376	-420.7984	-0.5391785	1.612023	1.612023	1.612023	1.612023	1.612023	1.612023	0.02972157
27170	-422.3003	-422.2816	-0.01867111	1.489706	1.489706	1.489706	1.489706	1.489706	1.489706	0.02282818
27180	-422.2772	-423.2799	1.002731	0.5177593	0.5177593	0.5177593	0.5177593	0.5177593	0.5177593	0.02317294
27190	-422.6321	-421.274	-1.358128	2.085694	2.085694	2.085694	2.085694	2.085694	2.085694	0.02452394
27200	-420.7349	-420.9044	0.1695342	1.337904	1.337904	1.337904	1.337904	1.337904	1.337904	0.02577095
27210	-421.0439	-421.6756	0.6316757	0.9945438	0.9945438	0.9945438	0.9945438	0.9945438	0.9945438	0.03000587
27220	-420.6341	-421.4156	0.781488	1.011891	1.011891	1.011891	1.011891	1.011891	1.011891	0.02516424
27230	-421.9765	-421.0485	-0.9279751	1.87726	1.87726	1.87726	1.87726	1.87726	1.87726	0.02489949
27240	-420.7431	-421.7255	0.9824149	0.7355008	0.7355008	0.7355008	0.7355008	0.7355008	0.7355008	0.02751041
27250	-420.911	-421.8451	0.9340888	0.9280978	0.9280978	0.9280978	0.9280978	0.9280978	0.9280978	0.02432792
27260	-421.8812	-420.4942	-1.387017	2.045236	2.045236	2.045236	2.045236	2.045236	2.045236	0.02751556
27270	-422.2799	-421.5915	-0.6883309	1.648534	1.648534	1.648534	1.648534	1.648534	1.648534	0.03193334
27280	-422.375	-422.071	-0.3039682	1.456729	1.456729	1.456729	1.456729	1.456729	1.456729	0.03251026
27290	-420.8506	-421.9015	1.050865	0.8001444	0.8001444	0.8001444	0.8001444	0.8001444	0.8001444	0.02475622
27300	-420.4465	-421.2822	0.835728	0.9415382	0.9415382	0.9415382	0.9415382	0.9415382	0.9415382	0.02637184
27310	-421.01	-422.0971	1.087153	0.7675655	0.7675655	0.7675655	0.7675655	0.7675655	0.7675655	0.02440072
27320	-421.3324	-422.0386	0.7061682	0.9283734	0.9283734	0.9283734	0.9283734	0.9283734	0.9283734	0.03054461
27330	-421.5432	-420.5336	-1.009644	1.880802	1.880802	1.880802	1.880802	1.880802	1.880802	0.02681426
27340	-423.8055	-421.9626	-1.842919	2.174221	2.174221	2.174221	2.174221	2.174221	2.174221	0.03299649
27350	-421.7599	-420.7532	-1.006671	1.8287	1.8287	1.8287	1.8287	1.8287	1.8287	0.02988946
27360	-420.4684	-421.3601	0.8916795	0.8938965	0.8938965	0.8938965	0.8938965	0.8938965	0.8938965	0.02647837
27370	-421.419	-421.1157	-0.3032555	1.586609	1.586609	1.586609	1.586609	1.586609	1.586609	0.02476995
27380	-420.4355	-421.1906	0.7550497	0.9729267	0.9729267	0.9729267	0.9729267	0.9729267	0.9729267	0.02737241
27390	-420.4345	-420.9457	0.511177	1.126169	1.126169	1.126169	1.126169	1.126169	1.126169	0.02731061
27400	-421.6479	-422.6657	1.017803	0.9092844	0.9092844	0.9092844	0.9092844	0.9092844	0.9092844	0.0229124
27410	-420.7068	-420.6504	-0.05639353	1.411981	1.411981	1.411981	1.411981	1.411981	1.411981	0.02782081
27420	-421.7299	-422.6234	0.8935452	0.6953092	0.6953092	0.6953092	0.6953092	0.6953092	0.6953092	0.03033668
27430	-420.5427	-421.291	0.7483717	1.023117	1.023117	1.023117	1.023117	1.023117	1.023117	0.02556504
27440	-421.1609	-422.2187	1.057769	0.8359279	0.8359279	0.8359279	0.8359279	0.8359279	0.8359279	0.02384888
27450	-420.5646	-421.5145	0.9498547	0.811846	0.811846	0.811846	0.811846	0.811846	0.811846	0.02713531
27460	-420.9194	-421.9303	1.010908	0.6493653	0.6493653	0.6493653	0.6493653	0.6493653	0.6493653	0.02681123
27470	-421.738	-422.2279	0.4898394	1.053301	1.053301	1.053301	1.053301	1.053301	1.053301	0.03155699
27480	-422.9249	-420.6583	-2.266604	2.450894	2.450894	2.450894	2.450894	2.450894	2.450894	0.02820759
27490	-421.7055	-420.4762	-1.229307	1.964265	1.964265	1.964265	1.964265	1.964265	1.964265	0.02793785
27500	-421.1822	-421.7838	0.6016319	1.006688	1.006688	1.006688	1.006688	1.006688	1.006688	0.03036234
27510	-421.8685	-421.7264	-0.1420987	1.532617	1.532617	1.532617	1.532617	1.532617	1.532617	0.0236163
27520	-420.4497	-421.3126	0.862918	0.9126804	0.9126804	0.9126804	0.9126804	0.9126804	0.9126804	0.02663861
27530	-421.9668	-420.6116	-1.355205	2.048245	2.048245	2.048245	2.048245	2.048245	2.048245	0.02648349
27540	-420.6531	-421.2955	0.6423667	1.014177	1.014177	1.014177	1.014177	1.014177	1.014177	0.02881924
27550	-420.9023	-421.9617	1.059446	0.6705632	0.6705632	0.6705632	0.6705632	0.6705632	0.6705632	0.02567485
27560	-420.5351	-421.3321	0.7970214	0.9902029	0.9902029	0.9902029	0.9902029	0.9902029	0.9902029	0.02559699
27570	-420.8734	-421.8724	0.999026	0.6760677	0.6760677	0.6760677	0.6760677	0.6760677	0.6760677	0.02729228
27580	-421.9597	-420.4963	-1.463406	2.078391	2.078391	2.078391	2.078391	2.078391	2.078391	0.02767354
27590	-420.5678	-420.7333	0.1654785	1.308274	1.308274	1.308274	1.308274	1.308274	1.308274	0.02743915
27600	-422.4095	-422.8341	0.4245769	0.4010997	0.4010997	0.4010997	0.4010997	0.4010997	0.4010997	0.02715424
27610	-421.3758	-420.692	-0.6838131	1.684907	1.684907	1.684907	1.684907	1.684907	1.684907	0.02942388
27620	-421.7451	-422.4073	0.662215	1.140029	1.140029	1.140029	1.140029	1.140029	1.140029	0.02291466
27630	-420.6837	-421.6612	0.9774609	0.7565221	0.7565221	0.7565221	0.7565221	0.7565221	0.7565221	0.02739302
27640	-420.7181	-421.0536	0.3354222	1.189612	1.189612	1.189612	1.189612	1.189612	1.189612	0.02904268
27650	-422.1291	-423.1264	0.9972299	0.9480382	0.9480382	0.9480382	0.9480382	0.9480382	0.9480382	0.02224324
27660	-420.7473	-421.55	0.8027273	0.8963513	0.8963513	0.8963513	0.8963513	0.8963513	0.8963513	0.02885786
27670	-420.5064	-420.8978	0.3913512	1.180637	1.180637	1.180637	1.180637	1.180637	1.180637	0.02791996
27680	-422.351	-421.5469	-0.8041015	1.838699	1.838699	1.838699	1.838699	1.838699	1.838699	0.02389171
27690	-423.6109	-421.9182	-1.692679	2.104651	2.104651	2.104651	2.104651	2.104651	2.104651	0.03291271
27700	-421.0456	-421.5754	0.5297574	1.058079	1.058079	1.058079	1.058079	1.058079	1.058079	0.03008742
27710	-421.9253	-420.5036	-1.421705	2.063302	2.063302	2.063302	2.063302	2.063302	2.063302	0.0274104
27720	-420.4308	-420.9491	0.5183784	1.130147	1.130147	1.130147	1.130147	1.130147	1.130147	0.02692576
27730	-423.1011	-423.5193	0.4182585	1.057508	1.057508	1.057508	1.057508	1.057508	1.057508	0.03366764
27740	-420.5867	-421.5664	0.9797146	0.8367271	0.8367271	0.8367271	0.8367271	0.8367271	0.8367271	0.02576565
27750	-420.5081	-421.4094	0.9012254	0.8601384	0.8601384	0.8601384	0.8601384	0.8601384	0.8601384	0.02722924
27760	-420.4905	-420.879	0.3884915	1.185745	1.185745	1.185745	1.185745	1.185745	1.185745	0.02773848
27770	-421.3936	-421.6485	0.2548929	1.199345	1.199345	1.199345	1.199345	1.199345	1.199345	0.03091624
27780	-421.1706	-422.286	1.115399	0.6984674	0.6984674	0.6984674	0.6984674	0.6984674	0.6984674	0.02429456
27790	-422.4282	-420.7638	-1.664408	2.1357	2.1357	2.1357	2.1357	2.1357	2.1357	0.0299521
27800	-421.5759	-420.4729	-1.102989	1.905646	1.905646	1.905646	1.905646	1.905646	1.905646	0.02791296
27810	-421.4863	-422.6298	1.143492	0.7338351	0.7338351	0.7338351	0.7338351	0.7338351	0.7338351	0.02343175
27820	-421.4599	-421.0762	-0.3837028	1.526555	1.526555	1.526555	1.526555	1.526555	1.526555	0.03045421
27830	-420.474	-421.3724	0.8983387	0.8899247	0.8899247	0.8899247	0.8899247	0.8899247	0.8899247	0.02642502
27840	-420.692	-421.1732	0.4812135	1.108481	1.108481	1.108481	1.108481	1.108481	1.108481	0.02902068
27850	-420.7556	-421.2385	0.4829685	1.102824	1.102824	1.102824	1.102824	1.102824	1.102824	0.02925305
27860	-421.1334	-422.0809	0.9475755	0.688104	0.688104	0.688104	0.688104	0.688104	0.688104	0.02874873
27870	-422.8039	-421.9335	-0.8703462	1.722876	1.722876	1.722876	1.722876	1.722876	1.722876	0.03270126
27880	-421.5415	-422.2003	0.6588549	1.134398	1.134398	1.134398	1.134398	1.134398	1.134398	0.02322223
27890	-420.4431	-420.9223	0.4791681	1.153404	1.153404	1.153404	1.153404	1.153404	1.153404	0.02686814
27900	-420.5198	-421.4558	0.9360067	0.8374106	0.8374106	0.8374106	0.8374106	0.8374106	0.8374106	0.02689946
27910	-422.3861	-422.0455	-0.3405223	1.474544	1.474544	1.474544	1.474544	1.474544	1.474544	0.03250167
27920	-422.7617	-421.6893	-1.072378	1.967741	1.967741	1.967741	1.967741	1.967741	1.967741	0.02370346
27930	-421.3388	-422.0114	0.6726612	0.9518384	0.9518384	0.9518384	0.9518384	0.9518384	0.9518384	0.0306131
27940	-421.6808	-421.148	-0.5328451	1.697046	1.697046	1.697046	1.697046	1.697046	1.697046	0.02465518
27950	-423.1109	-421.5304	-1.58046	2.198069	2.198069	2.198069	2.198069	2.198069	2.198069	0.0241299
27960	-421.067	-420.7594	-0.3076047	1.568315	1.568315	1.568315	1.568315	1.568315	1.568315	0.02585545
27970	-421.9353	-421.6499	-0.2854499	1.459982	1.459982	1.459982	1.459982	1.459982	1.459982	0.03170028
27980	-420.8244	-421.3701	0.5457781	1.161499	1.161499	1.161499	1.161499	1.161499	1.161499	0.02477286
27990	-420.7481	-421.3977	0.649592	1.001873	1.001873	1.001873	1.001873	1.001873	1.001873	0.02915176
28000	-421.4875	-420.9217	-0.5657562	1.617408	1.617408	1.617408	1.617408	1.617408	1.617408	0.03017625
28010	-420.897	-421.2661	0.3690498	1.255148	1.255148	1.255148	1.255148	1.255148	1.255148	0.02482135
28020	-421.9047	-421.3937	-0.5109589	1.696426	1.696426	1.696426	1.696426	1.696426	1.696426	0.02415329
28030	-421.7482	-421.8199	0.07168279	1.284337	1.284337	1.284337	1.284337	1.284337	1.284337	0.03158345
28040	-420.554	-421.1418	0.5878308	1.117785	1.117785	1.117785	1.117785	1.117785	1.117785	0.02566865
28050	-420.6643	-421.5925	0.9282236	0.9076015	0.9076015	0.9076015	0.9076015	0.9076015	0.9076015	0.02511147
28060	-421.4116	-420.5161	-0.8955531	1.798748	1.798748	1.798748	1.798748	1.798748	1.798748	0.02851663
28070	-421.4793	-420.9791	-0.5001855	1.673848	1.673848	1.673848	1.673848	1.673848	1.673848	0.025071
28080	-422.6252	-421.429	-1.196218	2.016476	2.016476	2.016476	2.016476	2.016476	2.016476	0.02417516
28090	-420.4397	-420.923	0.4832504	1.142965	1.142965	1.142965	1.142965	1.142965	1.142965	0.02726276
28100	-420.464	-420.867	0.4030079	1.19208	1.19208	1.19208	1.19208	1.19208	1.19208	0.02702124
28110	-421.4073	-420.5152	-0.8921456	1.823168	1.823168	1.823168	1.823168	1.823168	1.823168	0.02697261
28120	-420.5794	-420.723	0.1435696	1.319118	1.319118	1.319118	1.319118	1.319118	1.319118	0.02745342
28130	-422.4452	-422.865	0.4197704	1.286319	1.286319	1.286319	1.286319	1.286319	1.286319	0.02221314
28140	-420.6787	-420.6543	-0.02442026	1.399808	1.399808	1.399808	1.399808	1.399808	1.399808	0.02762157
28150	-420.4848	-421.3871	0.9023007	0.8695301	0.8695301	0.8695301	0.8695301	0.8695301	0.8695301	0.02692985
28160	-420.4256	-421.0607	0.6350927	1.050188	1.050188	1.050188	1.050188	1.050188	1.050188	0.02742844
28170	-421.5009	-421.1415	-0.3593747	1.512509	1.512509	1.512509	1.512509	1.512509	1.512509	0.03060705
28180	-420.9137	-421.4791	0.5653333	1.043683	1.043683	1.043683	1.043683	1.043683	1.043683	0.02971937
28190	-421.4612	-421.0321	-0.4291213	1.642747	1.642747	1.642747	1.642747	1.642747	1.642747	0.02494621
28200	-423.7849	-421.3296	-2.455217	2.598895	2.598895	2.598895	2.598895	2.598895	2.598895	0.02510658
28210	-420.6506	-421.6325	0.9818998	0.7631911	0.7631911	0.7631911	0.7631911	0.7631911	0.7631911	0.02717577
28220	-421.2707	-420.9698	-0.3009142	1.493469	1.493469	1.493469	1.493469	1.493469	1.493469	0.03003669
28230	-421.9261	-422.3561	0.4299999	1.266311	1.266311	1.266311	1.266311	1.266311	1.266311	0.02285722
28240	-421.3344	-422.3609	1.026445	0.882356	0.882356	0.882356	0.882356	0.882356	0.882356	0.02345037
28250	-421.3123	-422.2174	0.9051301	0.9754832	0.9754832	0.9754832	0.9754832	0.9754832	0.9754832	0.02347165
28260	-421.4564	-420.6989	-0.7575382	1.718012	1.718012	1.718012	1.718012	1.718012	1.718012	0.02951752
28270	-420.9135	-421.9856	1.072071	0.7753548	0.7753548	0.7753548	0.7753548	0.7753548	0.7753548	0.0246562
28280	-420.7268	-421.7434	1.016653	0.8244928	0.8244928	0.8244928	0.8244928	0.8244928	0.8244928	0.02510988
28290	-421.1657	-421.1672	0.00142838	1.342994	1.342994	1.342994	1.342994	1.342994	1.342994	0.03018084
28300	-421.4214	-422.1688	0.7474732	0.8925035	0.8925035	0.8925035	0.8925035	0.8925035	0.8925035	0.03063581
28310	-421.7546	-420.4788	-1.275816	1.989628	1.989628	1.989628	1.989628	1.989628	1.989628	0.02772329
28320	-422.2327	-422.2322	-0.00043482	1.307581	1.307581	1.307581	1.307581	1.307581	1.307581	0.03243532
28330	-420.4809	-421.3538	0.8728219	0.8863862	0.8863862	0.8863862	0.8863862	0.8863862	0.8863862	0.02721897
28340	-425.5324	-422.6564	-2.875986	2.656929	2.656929	2.656929	2.656929	2.656929	2.656929	0.03396826
28350	-420.9285	-420.5691	-0.3593231	1.572051	1.572051	1.572051	1.572051	1.572051	1.572051	0.02701453
28360	-423.5999	-423.6374	0.03749238	1.257326	1.257326	1.257326	1.257326	1.257326	1.257326	0.03443514
28370	-421.4154	-420.9202	-0.4951763	1.668432	1.668432	1.668432	1.668432	1.668432	1.668432	0.02523474
28380	-420.7251	-421.5731	0.8480585	0.9757458	0.9757458	0.9757458	0.9757458	0.9757458	0.9757458	0.0248408
28390	-420.4779	-421.3663	0.8884799	0.9048966	0.9048966	0.9048966	0.9048966	0.9048966	0.9048966	0.02621601
28400	-422.2999	-420.5525	-1.747363	2.197944	2.197944	2.197944	2.197944	2.197944	2.197944	0.02852034
28410	-422.2742	-421.3617	-0.912481	1.759012	1.759012	1.759012	1.759012	1.759012	1.759012	0.03157561
28420	-420.7752	-420.844	0.06878714	1.331348	1.331348	1.331348	1.331348	1.331348	1.331348	0.02887669
28430	-420.6047	-421.6061	1.001366	0.7817642	0.7817642	0.7817642	0.7817642	0.7817642	0.7817642	0.02635421
28440	-421.8803	-422.5712	0.6908883	0.4563686	0.4563686	0.4563686	0.4563686	0.4563686	0.4563686	0.02657519
28450	-423.9193	-423.9532	0.03388846	1.253161	1.253161	1.253161	1.253161	1.253161	1.253161	0.03483685
28460	-421.0692	-420.5416	-0.5275107	1.630898	1.630898	1.630898	1.630898	1.630898	1.630898	0.02822584
28470	-425.0677	-422.2582	-2.809508	2.634419	2.634419	2.634419	2.634419	2.634419	2.634419	0.03327549
28480	-421.361	-420.6123	-0.7487366	1.720866	1.720866	1.720866	1.720866	1.720866	1.720866	0.02908124
28490	-421.1908	-422.1428	0.9519529	0.5854579	0.5854579	0.5854579	0.5854579	0.5854579	0.5854579	0.02718833
28500	-420.4339	-421.163	0.7291474	0.9893787	0.9893787	0.9893787	0.9893787	0.9893787	0.9893787	0.02742798
28510	-421.486	-420.8952	-0.5908075	1.630223	1.630223	1.630223	1.630223	1.630223	1.630223	0.0301133
28520	-420.8861	-421.4119	0.5257893	1.175627	1.175627	1.175627	1.175627	1.175627	1.175627	0.02463259
28530	-421.0587	-421.3919	0.3331375	1.281097	1.281097	1.281097	1.281097	1.281097	1.281097	0.02447082
28540	-421.5217	-422.669	1.147259	0.6845381	0.6845381	0.6845381	0.6845381	0.6845381	0.6845381	0.02354422
28550	-420.4681	-420.8819	0.4138021	1.176406	1.176406	1.176406	1.176406	1.176406	1.176406	0.02751237
28560	-420.5152	-421.4611	0.9458836	0.8462969	0.8462969	0.8462969	0.8462969	0.8462969	0.8462969	0.02640794
28570	-421.0315	-420.568	-0.4634645	1.624799	1.624799	1.624799	1.624799	1.624799	1.624799	0.02681913
28580	-423.1692	-421.3451	-1.824102	2.184372	2.184372	2.184372	2.184372	2.184372	2.184372	0.03169258
28590	-420.8033	-420.7285	-0.07483099	1.449174	1.449174	1.449174	1.449174	1.449174	1.449174	0.02625853
28600	-420.6893	-421.3582	0.6689355	1.084806	1.084806	1.084806	1.084806	1.084806	1.084806	0.02504397
28610	-420.5954	-420.9295	0.3341447	1.249214	1.249214	1.249214	1.249214	1.249214	1.249214	0.02599699
28620	-420.9957	-421.5799	0.5841256	1.027414	1.027414	1.027414	1.027414	1.027414	1.027414	0.02992714
28630	-421.5934	-421.4105	-0.182914	1.419911	1.419911	1.419911	1.419911	1.419911	1.419911	0.03106595
28640	-422.79	-423.5578	0.7678295	0.8072402	0.8072402	0.8072402	0.8072402	0.8072402	0.8072402	0.03267423
28650	-423.9908	-424.3401	0.3493025	1.356119	1.356119	1.356119	1.356119	1.356119	1.356119	0.02076117
28660	-421.5884	-422.7389	1.150512	0.6750697	0.6750697	0.6750697	0.6750697	0.6750697	0.6750697	0.02345343
28670	-421.2437	-421.0517	-0.1920604	1.439092	1.439092	1.439092	1.439092	1.439092	1.439092	0.03014303
28680	-421.0129	-420.5327	-0.4802629	1.625249	1.625249	1.625249	1.625249	1.625249	1.625249	0.02724743
28690	-420.6089	-420.7014	0.09250184	1.350654	1.350654	1.350654	1.350654	1.350654	1.350654	0.02713515
28700	-420.4605	-421.1409	0.6804184	1.052711	1.052711	1.052711	1.052711	1.052711	1.052711	0.02610618
28710	-424.9701	-424.094	-0.8761701	1.932875	1.932875	1.932875	1.932875	1.932875	1.932875	0.02098894
28720	-420.5605	-421.1519	0.5914302	1.116522	1.116522	1.116522	1.116522	1.116522	1.116522	0.02563266
28730	-420.8696	-421.3758	0.5061644	1.184842	1.184842	1.184842	1.184842	1.184842	1.184842	0.02470014
28740	-422.1907	-422.9445	0.7537507	0.4497168	0.4497168	0.4497168	0.4497168	0.4497168	0.4497168	0.02435255
28750	-422.5198	-422.9366	0.4167828	0.3869694	0.3869694	0.3869694	0.3869694	0.3869694	0.3869694	0.02526693
28760	-420.9141	-421.4987	0.5846034	1.031787	1.031787	1.031787	1.031787	1.031787	1.031787	0.02970817
28770	-421.5669	-422.4646	0.8977219	0.5122282	0.5122282	0.5122282	0.5122282	0.5122282	0.5122282	0.02542151
28780	-420.476	-420.8518	0.3758264	1.199158	1.199158	1.199158	1.199158	1.199158	1.199158	0.02740415
28790	-420.6708	-421.6885	1.017744	0.8062943	0.8062943	0.8062943	0.8062943	0.8062943	0.8062943	0.02546803
28800	-420.8065	-421.7221	0.9156469	0.7928484	0.7928484	0.7928484	0.7928484	0.7928484	0.7928484	0.02849412
28810	-421.6547	-421.9651	0.3103851	1.159583	1.159583	1.159583	1.159583	1.159583	1.159583	0.03145639
28820	-422.2976	-420.5505	-1.747036	2.198272	2.198272	2.198272	2.198272	2.198272	2.198272	0.02849126
28830	-420.5298	-420.7709	0.2411187	1.274678	1.274678	1.274678	1.274678	1.274678	1.274678	0.02716591
28840	-421.2811	-421.4336	0.1524666	1.376694	1.376694	1.376694	1.376694	1.376694	1.376694	0.02425276
28850	-422.3502	-420.8505	-1.49965	2.052528	2.052528	2.052528	2.052528	2.052528	2.052528	0.03032078
28860	-421.2692	-422.2084	0.9391551	0.6170784	0.6170784	0.6170784	0.6170784	0.6170784	0.6170784	0.02832636
28870	-421.0892	-422.1926	1.103466	0.7455005	0.7455005	0.7455005	0.7455005	0.7455005	0.7455005	0.02427596
28880	-420.6688	-421.6939	1.025107	0.7502328	0.7502328	0.7502328	0.7502328	0.7502328	0.7502328	0.02619864
28890	-421.5716	-420.9347	-0.6368304	1.736024	1.736024	1.736024	1.736024	1.736024	1.736024	0.02517461
28900	-420.998	-421.9402	0.9421963	0.7301849	0.7301849	0.7301849	0.7301849	0.7301849	0.7301849	0.02869276
28910	-420.5237	-421.2103	0.6865561	1.058556	1.058556	1.058556	1.058556	1.058556	1.058556	0.02570101
28920	-422.6225	-423.0547	0.4322168	0.385976	0.385976	0.385976	0.385976	0.385976	0.385976	0.02473312
28930	-420.6293	-420.8807	0.2513706	1.244563	1.244563	1.244563	1.244563	1.244563	1.244563	0.02849253
28940	-420.5237	-421.4767	0.9529791	0.8409899	0.8409899	0.8409899	0.8409899	0.8409899	0.8409899	0.02635681
28950	-422.5582	-421.6332	-0.9249236	1.897613	1.897613	1.897613	1.897613	1.897613	1.897613	0.02376517
28960	-425.0058	-423.4023	-1.603519	2.257821	2.257821	2.257821	2.257821	2.257821	2.257821	0.02176592
28970	-421.589	-422.695	1.106051	0.8190149	0.8190149	0.8190149	0.8190149	0.8190149	0.8190149	0.02307218
28980	-420.9621	-420.5902	-0.3718721	1.55501	1.55501	1.55501	1.55501	1.55501	1.55501	0.02835373
28990	-423.2768	-421.3462	-1.930621	2.354123	2.354123	2.354123	2.354123	2.354123	2.354123	0.02466146
29000	-425.8465	-426.4609	0.6143524	0.8568576	0.8568576	0.8568576	0.8568576	0.8568576	0.8568576	0.03639985
29010	-421.6641	-420.5965	-1.067578	1.868223	1.868223	1.868223	1.868223	1.868223	1.868223	0.02918922
29020	-421.6063	-421.4446	-0.161625	1.408672	1.408672	1.408672	1.408672	1.408672	1.408672	0.03111721
29030	-420.9718	-421.0211	0.04932749	1.328029	1.328029	1.328029	1.328029	1.328029	1.328029	0.02963878
29040	-420.8148	-421.3206	0.5057791	1.085503	1.085503	1.085503	1.085503	1.085503	1.085503	0.0294477
29050	-420.4489	-420.9438	0.4948437	1.149083	1.149083	1.149083	1.149083	1.149083	1.149083	0.02665589
29060	-423.1596	-423.5015	0.3418946	1.101007	1.101007	1.101007	1.101007	1.101007	1.101007	0.03379022
29070	-421.4885	-420.485	-1.003506	1.868987	1.868987	1.868987	1.868987	1.868987	1.868987	0.02733293
29080	-420.7221	-421.5905	0.8683324	0.9610739	0.9610739	0.9610739	0.9610739	0.9610739	0.9610739	0.02485336
29090	-420.4479	-421.2031	0.7552045	1.003015	1.003015	1.003015	1.003015	1.003015	1.003015	0.02618492
29100	-420.4447	-420.9038	0.4590367	1.159022	1.159022	1.159022	1.159022	1.159022	1.159022	0.02713875
29110	-420.5153	-421.1958	0.6804417	1.004792	1.004792	1.004792	1.004792	1.004792	1.004792	0.02814201
29120	-422.0341	-421.5408	-0.4933045	1.560065	1.560065	1.560065	1.560065	1.560065	1.560065	0.03167633
29130	-420.9698	-420.5338	-0.4360189	1.60012	1.60012	1.60012	1.60012	1.60012	1.60012	0.02749147
29140	-420.8064	-421.8538	1.047387	0.6936256	0.6936256	0.6936256	0.6936256	0.6936256	0.6936256	0.02601352
29150	-420.6884	-421.6343	0.9458826	0.7835507	0.7835507	0.7835507	0.7835507	0.7835507	0.7835507	0.02782473
29160	-422.4343	-420.7273	-1.706983	2.218557	2.218557	2.218557	2.218557	2.218557	2.218557	0.02622351
29170	-420.8128	-421.8587	1.045877	0.7996649	0.7996649	0.7996649	0.7996649	0.7996649	0.7996649	0.02488905
29180	-420.878	-421.6475	0.7694975	0.9100325	0.9100325	0.9100325	0.9100325	0.9100325	0.9100325	0.02934322
29190	-420.819	-420.7865	-0.0324448	1.433172	1.433172	1.433172	1.433172	1.433172	1.433172	0.02601023
29200	-421.1643	-422.2668	1.102546	0.7696927	0.7696927	0.7696927	0.7696927	0.7696927	0.7696927	0.02399827
29210	-420.6114	-421.3665	0.7550274	0.9443401	0.9443401	0.9443401	0.9443401	0.9443401	0.9443401	0.02848104
29220	-421.7942	-421.5731	-0.2210888	1.432248	1.432248	1.432248	1.432248	1.432248	1.432248	0.03146983
29230	-422.6155	-420.6937	-1.9218	2.265476	2.265476	2.265476	2.265476	2.265476	2.265476	0.02944429
29240	-422.019	-420.5065	-1.512534	2.091588	2.091588	2.091588	2.091588	2.091588	2.091588	0.02826174
29250	-421.5012	-421.4932	-0.008017144	1.459138	1.459138	1.459138	1.459138	1.459138	1.459138	0.02406205
29260	-420.4758	-420.8667	0.3908548	1.202735	1.202735	1.202735	1.202735	1.202735	1.202735	0.02681649
29270	-421.1822	-422.2997	1.117467	0.721868	0.721868	0.721868	0.721868	0.721868	0.721868	0.02414038
29280	-421.1785	-421.9352	0.7567418	1.063098	1.063098	1.063098	1.063098	1.063098	1.063098	0.02378157
29290	-422.0855	-423.2261	1.14061	0.8161314	0.8161314	0.8161314	0.8161314	0.8161314	0.8161314	0.0223431
29300	-421.1188	-422.1015	0.9827674	0.9047877	0.9047877	0.9047877	0.9047877	0.9047877	0.9047877	0.02386028
29310	-421.3008	-422.3044	1.00361	0.9000686	0.9000686	0.9000686	0.9000686	0.9000686	0.9000686	0.02350162
29320	-420.939	-421.2979	0.3589502	1.162478	1.162478	1.162478	1.162478	1.162478	1.162478	0.02980892
29330	-420.5142	-421.4059	0.8917398	0.8642814	0.8642814	0.8642814	0.8642814	0.8642814	0.8642814	0.02736922
29340	-421.51	-420.552	-0.9579529	1.85908	1.85908	1.85908	1.85908	1.85908	1.85908	0.02667561
29350	-420.4507	-420.8926	0.4419156	1.170728	1.170728	1.170728	1.170728	1.170728	1.170728	0.02702809
29360	-421.0409	-422.0098	0.9689558	0.6624004	0.6624004	0.6624004	0.6624004	0.6624004	0.6624004	0.02806421
29370	-420.5292	-420.8582	0.3290517	1.2423	1.2423	1.2423	1.2423	1.2423	1.2423	0.02647702
29380	-420.4402	-420.9412	0.5009797	1.130119	1.130119	1.130119	1.130119	1.130119	1.130119	0.02739968
29390	-421.2905	-422.0288	0.738273	0.9067948	0.9067948	0.9067948	0.9067948	0.9067948	0.9067948	0.03039453
29400	-421.9628	-420.5115	-1.451329	2.059737	2.059737	2.059737	2.059737	2.059737	2.059737	0.02844991
29410	-420.4104	-421.0508	0.6403959	1.056249	1.056249	1.056249	1.056249	1.056249	1.056249	0.02701657
29420	-420.4683	-420.9884	0.5201378	1.110396	1.110396	1.110396	1.110396	1.110396	1.110396	0.02782063
29430	-421.5494	-422.6519	1.102532	0.8198428	0.8198428	0.8198428	0.8198428	0.8198428	0.8198428	0.02313708
29440	-420.4978	-420.9314	0.4336303	1.156953	1.156953	1.156953	1.156953	1.156953	1.156953	0.02794105
29450	-422.0551	-421.2503	-0.8048139	1.828414	1.828414	1.828414	1.828414	1.828414	1.828414	0.02444101
29460	-421.6669	-422.7218	1.054897	0.5680572	0.5680572	0.5680572	0.5680572	0.5680572	0.5680572	0.02401478
29470	-421.4822	-421.7604	0.2782072	1.183338	1.183338	1.183338	1.183338	1.183338	1.183338	0.03111
29480	-420.6676	-420.8305	0.1628899	1.289986	1.289986	1.289986	1.289986	1.289986	1.289986	0.02851442
29490	-421.7857	-421.0163	-0.7694878	1.706391	1.706391	1.706391	1.706391	1.706391	1.706391	0.03062181
29500	-422.688	-423.902	1.214032	0.7511311	0.7511311	0.7511311	0.7511311	0.7511311	0.7511311	0.02167935
29510	-421.216	-420.5611	-0.6548643	1.68398	1.68398	1.68398	1.68398	1.68398	1.68398	0.02864078
29520	-420.5416	-421.0969	0.5552798	1.133826	1.133826	1.133826	1.133826	1.133826	1.133826	0.02578249
29530	-423.645	-423.5271	-0.1179612	0.3126097	0.3126097	0.3126097	0.3126097	0.3126097	0.3126097	0.024116
29540	-422.5051	-420.6022	-1.902874	2.293573	2.293573	2.293573	2.293573	2.293573	2.293573	0.02723386
29550	-421.0521	-421.3222	0.2701063	1.310999	1.310999	1.310999	1.310999	1.310999	1.310999	0.02458109
29560	-420.5767	-421.4131	0.8364102	0.9682013	0.9682013	0.9682013	0.9682013	0.9682013	0.9682013	0.02540374
29570	-420.69	-420.8407	0.1506548	1.342066	1.342066	1.342066	1.342066	1.342066	1.342066	0.02604518
29580	-420.5633	-420.8359	0.2725953	1.272783	1.272783	1.272783	1.272783	1.272783	1.272783	0.02642097
29590	-421.9356	-420.5756	-1.359977	2.006653	2.006653	2.006653	2.006653	2.006653	2.006653	0.02908029
29600	-420.8063	-421.076	0.2696748	1.219782	1.219782	1.219782	1.219782	1.219782	1.219782	0.02932083
29610	-421.9864	-420.5023	-1.484091	2.078704	2.078704	2.078704	2.078704	2.078704	2.078704	0.02823308
29620	-421.0295	-421.9079	0.8784057	0.8041782	0.8041782	0.8041782	0.8041782	0.8041782	0.8041782	0.02932461
29630	-421.7917	-420.5599	-1.231886	1.94821	1.94821	1.94821	1.94821	1.94821	1.94821	0.02898855
29640	-421.4687	-420.638	-0.8306985	1.80809	1.80809	1.80809	1.80809	1.80809	1.80809	0.02619698
29650	-420.6076	-421.6014	0.9937354	0.7759241	0.7759241	0.7759241	0.7759241	0.7759241	0.7759241	0.02665587
29660	-420.9953	-421.9974	1.002097	0.6264169	0.6264169	0.6264169	0.6264169	0.6264169	0.6264169	0.02675907
29670	-420.4784	-421.1425	0.6640893	1.020556	1.020556	1.020556	1.020556	1.020556	1.020556	0.02792393
29680	-421.6274	-421.1929	-0.4344791	1.652498	1.652498	1.652498	1.652498	1.652498	1.652498	0.02456649
29690	-421.1412	-422.1026	0.9613885	0.6053044	0.6053044	0.6053044	0.6053044	0.6053044	0.6053044	0.02745404
29700	-420.5555	-420.7604	0.2049621	1.284399	1.284399	1.284399	1.284399	1.284399	1.284399	0.02763912
29710	-422.139	-420.7775	-1.36145	1.991846	1.991846	1.991846	1.991846	1.991846	1.991846	0.03005915
29720	-421.1222	-420.575	-0.5472155	1.666983	1.666983	1.666983	1.666983	1.666983	1.666983	0.0266647
29730	-420.4534	-421.243	0.7896682	0.9461856	0.9461856	0.9461856	0.9461856	0.9461856	0.9461856	0.02744294
29740	-421.6917	-422.579	0.8873539	0.5979084	0.5979084	0.5979084	0.5979084	0.5979084	0.5979084	0.02937075
29750	-420.8546	-421.8215	0.9668872	0.7249066	0.7249066	0.7249066	0.7249066	0.7249066	0.7249066	0.02803926
29760	-422.2832	-421.0541	-1.229122	2.016922	2.016922	2.016922	2.016922	2.016922	2.016922	0.02496007
29770	-420.9228	-421.715	0.7922224	0.889287	0.889287	0.889287	0.889287	0.889287	0.889287	0.02940508
29780	-420.7107	-421.0429	0.3321577	1.260742	1.260742	1.260742	1.260742	1.260742	1.260742	0.02547871
29790	-420.75	-421.3845	0.6344322	1.011391	1.011391	1.011391	1.011391	1.011391	1.011391	0.029173
29800	-422.2297	-420.7258	-1.503903	2.125529	2.125529	2.125529	2.125529	2.125529	2.125529	0.02606775
29810	-420.4098	-421.0608	0.6510655	1.052021	1.052021	1.052021	1.052021	1.052021	1.052021	0.02691391
29820	-421.1507	-421.4684	0.3177223	1.174971	1.174971	1.174971	1.174971	1.174971	1.174971	0.03036636
29830	-421.2561	-422.1932	0.937142	0.594881	0.594881	0.594881	0.594881	0.594881	0.594881	0.02786387
29840	-420.5223	-420.8632	0.3408713	1.235826	1.235826	1.235826	1.235826	1.235826	1.235826	0.02649017
29850	-424.7244	-421.4101	-3.314264	3.009122	3.009122	3.009122	3.009122	3.009122	3.009122	0.02603538
29860	-424.0695	-423.479	-0.5904765	1.560692	1.560692	1.560692	1.560692	1.560692	1.560692	0.03486293
29870	-422.2051	-421.9307	-0.2744254	1.446609	1.446609	1.446609	1.446609	1.446609	1.446609	0.03222893
29880	-421.4751	-421.755	0.2799366	1.18265	1.18265	1.18265	1.18265	1.18265	1.18265	0.03109554
29890	-420.5277	-420.8002	0.2724233	1.265197	1.265197	1.265197	1.265197	1.265197	1.265197	0.02681581
29900	-422.6248	-421.464	-1.160722	1.870157	1.870157	1.870157	1.870157	1.870157	1.870157	0.03190623
29910	-421.3229	-422.447	1.124144	0.6700823	0.6700823	0.6700823	0.6700823	0.6700823	0.6700823	0.0240646
29920	-422.557	-420.7374	-1.819681	2.270769	2.270769	2.270769	2.270769	2.270769	2.270769	0.02629123
29930	-421.3621	-420.508	-0.8540881	1.803911	1.803911	1.803911	1.803911	1.803911	1.803911	0.02705782
29940	-421.4668	-420.8736	-0.593281	1.712272	1.712272	1.712272	1.712272	1.712272	1.712272	0.02535482
29950	-420.632	-420.7874	0.1553887	1.298653	1.298653	1.298653	1.298653	1.298653	1.298653	0.02824618
29960	-420.5835	-420.9102	0.326703	1.207067	1.207067	1.207067	1.207067	1.207067	1.207067	0.0283633
29970	-420.6079	-421.611	1.003073	0.8022746	0.8022746	0.8022746	0.8022746	0.8022746	0.8022746	0.02592577
29980	-420.4276	-421.2007	0.7731334	0.9651852	0.9651852	0.9651852	0.9651852	0.9651852	0.9651852	0.02717861
29990	-420.7421	-421.6358	0.8936746	0.8226055	0.8226055	0.8226055	0.8226055	0.8226055	0.8226055	0.02844288
30000	-420.7452	-421.7963	1.05104	0.7452911	0.7452911	0.7452911	0.7452911	0.7452911	0.7452911	0.02558493
